timestamp,co2_outside
2017-12-01 00:00:00+00:00,12.006052631578948
2017-12-02 00:00:00+00:00,11.25875
2017-12-03 00:00:00+00:00,10.991979166666667
2017-12-04 00:00:00+00:00,11.023333333333333
2017-12-05 00:00:00+00:00,11.5928125
2017-12-06 00:00:00+00:00,12.487291666666666
2017-12-07 00:00:00+00:00,11.985625
2017-12-08 00:00:00+00:00,11.107083333333334
2017-12-09 00:00:00+00:00,11.061770833333334
2017-12-10 00:00:00+00:00,11.477604166666666
2017-12-11 00:00:00+00:00,11.133958333333334
2017-12-12 00:00:00+00:00,11.061145833333335
2017-12-13 00:00:00+00:00,16.019895833333333
2017-12-14 00:00:00+00:00,11.347395833333332
2017-12-15 00:00:00+00:00,10.856979166666667
2017-12-16 00:00:00+00:00,11.089166666666666
2017-12-17 00:00:00+00:00,11.384270833333334
2017-12-18 00:00:00+00:00,10.985520833333334
2017-12-19 00:00:00+00:00,11.215000000000002
2017-12-20 00:00:00+00:00,12.126249999999999
2017-12-21 00:00:00+00:00,11.331874999999998
2017-12-22 00:00:00+00:00,11.026145833333333
2017-12-23 00:00:00+00:00,10.978125
2017-12-24 00:00:00+00:00,12.0071875
2017-12-25 00:00:00+00:00,18.7553125
2017-12-26 00:00:00+00:00,17.060208333333332
2017-12-27 00:00:00+00:00,11.3353125
2017-12-28 00:00:00+00:00,12.224479166666667
2017-12-29 00:00:00+00:00,11.506666666666668
2017-12-30 00:00:00+00:00,10.7915625
2017-12-31 00:00:00+00:00,12.862604166666666
2018-01-01 00:00:00+00:00,12.372916666666667
2018-01-02 00:00:00+00:00,11.275416666666667
2018-01-03 00:00:00+00:00,10.715000000000002
2018-01-04 00:00:00+00:00,12.267916666666666
2018-01-05 00:00:00+00:00,15.671145833333334
2018-01-06 00:00:00+00:00,16.213125
2018-01-07 00:00:00+00:00,11.525520833333333
2018-01-08 00:00:00+00:00,10.784374999999999
2018-01-09 00:00:00+00:00,11.168750000000001
2018-01-10 00:00:00+00:00,10.7396875
2018-01-11 00:00:00+00:00,10.926354166666668
2018-01-12 00:00:00+00:00,11.211979166666666
2018-01-13 00:00:00+00:00,12.074375000000002
2018-01-14 00:00:00+00:00,14.0621875
2018-01-15 00:00:00+00:00,10.975729166666667
2018-01-16 00:00:00+00:00,10.961354166666666
2018-01-17 00:00:00+00:00,10.9228125
2018-01-18 00:00:00+00:00,11.099791666666667
2018-01-19 00:00:00+00:00,10.789166666666667
2018-01-20 00:00:00+00:00,14.59125
2018-01-21 00:00:00+00:00,12.4146875
2018-01-22 00:00:00+00:00,11.168645833333334
2018-01-23 00:00:00+00:00,11.732604166666667
2018-01-24 00:00:00+00:00,13.143958333333332
2018-01-25 00:00:00+00:00,12.976770833333333
2018-01-26 00:00:00+00:00,11.370937500000002
2018-01-27 00:00:00+00:00,11.253854166666665
2018-01-28 00:00:00+00:00,11.747708333333334
2018-01-29 00:00:00+00:00,11.46
2018-01-30 00:00:00+00:00,11.487916666666665
2018-01-31 00:00:00+00:00,11.832187500000002
2018-02-01 00:00:00+00:00,11.0684375
2018-02-02 00:00:00+00:00,12.283854166666666
2018-02-03 00:00:00+00:00,12.838020833333333
2018-02-04 00:00:00+00:00,11.280625
2018-02-05 00:00:00+00:00,12.408333333333333
2018-02-06 00:00:00+00:00,11.06
2018-02-07 00:00:00+00:00,11.103958333333333
2018-02-08 00:00:00+00:00,13.630104166666667
2018-02-09 00:00:00+00:00,11.691145833333332
2018-02-10 00:00:00+00:00,11.45375
2018-02-11 00:00:00+00:00,11.232604166666667
2018-02-12 00:00:00+00:00,16.519270833333334
2018-02-13 00:00:00+00:00,15.0753125
2018-02-14 00:00:00+00:00,11.4553125
2018-02-15 00:00:00+00:00,11.138125
2018-02-16 00:00:00+00:00,12.137187500000001
2018-02-17 00:00:00+00:00,18.574516129032258
2018-02-18 00:00:00+00:00,18.574516129032258
2018-02-19 00:00:00+00:00,18.574516129032258
2018-02-20 00:00:00+00:00,18.574516129032258
2018-02-21 00:00:00+00:00,18.574516129032258
2018-02-22 00:00:00+00:00,18.574516129032258
2018-02-23 00:00:00+00:00,18.574516129032258
2018-02-24 00:00:00+00:00,18.574516129032258
2018-02-25 00:00:00+00:00,18.574516129032258
2018-02-26 00:00:00+00:00,18.574516129032258
2018-02-27 00:00:00+00:00,18.574516129032258
2018-02-28 00:00:00+00:00,18.574516129032258
2018-03-01 00:00:00+00:00,18.574516129032258
2018-03-02 00:00:00+00:00,18.574516129032258
2018-03-03 00:00:00+00:00,18.574516129032258
2018-03-04 00:00:00+00:00,18.574516129032258
2018-03-05 00:00:00+00:00,18.574516129032258
2018-03-06 00:00:00+00:00,18.574516129032258
2018-03-07 00:00:00+00:00,28.695396825396823
2018-03-08 00:00:00+00:00,18.907395833333332
2018-03-09 00:00:00+00:00,16.393958333333334
2018-03-10 00:00:00+00:00,24.327187499999997
2018-03-11 00:00:00+00:00,23.620416666666667
2018-03-12 00:00:00+00:00,22.913541666666664
2018-03-13 00:00:00+00:00,22.206770833333334
2018-03-14 00:00:00+00:00,21.49989583333333
2018-03-15 00:00:00+00:00,20.793125
2018-03-16 00:00:00+00:00,20.086354166666666
2018-03-17 00:00:00+00:00,19.379479166666666
2018-03-18 00:00:00+00:00,18.6728125
2018-03-19 00:00:00+00:00,17.966041666666666
2018-03-20 00:00:00+00:00,17.25916666666667
2018-03-21 00:00:00+00:00,16.552291666666665
2018-03-22 00:00:00+00:00,15.845625
2018-03-23 00:00:00+00:00,15.13875
2018-03-24 00:00:00+00:00,14.431875
2018-03-25 00:00:00+00:00,13.725104166666666
2018-03-26 00:00:00+00:00,13.0184375
2018-03-27 00:00:00+00:00,12.3115625
2018-03-28 00:00:00+00:00,11.604791666666666
2018-03-29 00:00:00+00:00,11.410520833333335
2018-03-30 00:00:00+00:00,18.53708333333333
2018-03-31 00:00:00+00:00,23.175833333333333
2018-04-01 00:00:00+00:00,23.63
2018-04-02 00:00:00+00:00,22.392083333333332
2018-04-03 00:00:00+00:00,11.352916666666667
2018-04-04 00:00:00+00:00,27.712500000000002
2018-04-05 00:00:00+00:00,66.28416666666666
2018-04-06 00:00:00+00:00,13.403958333333334
2018-04-07 00:00:00+00:00,35.17791666666667
2018-04-08 00:00:00+00:00,26.028750000000002
2018-04-09 00:00:00+00:00,18.719479166666666
2018-04-10 00:00:00+00:00,14.261354166666665
2018-04-11 00:00:00+00:00,14.813541666666666
2018-04-12 00:00:00+00:00,11.2790625
2018-04-13 00:00:00+00:00,12.776354166666666
2018-04-14 00:00:00+00:00,20.069895833333334
2018-04-15 00:00:00+00:00,37.83864583333334
2018-04-16 00:00:00+00:00,25.36791666666667
2018-04-17 00:00:00+00:00,14.8521875
2018-04-18 00:00:00+00:00,18.59875
2018-04-19 00:00:00+00:00,13.669270833333334
2018-04-20 00:00:00+00:00,28.275208333333335
2018-04-21 00:00:00+00:00,28.30395833333333
2018-04-22 00:00:00+00:00,24.0709375
2018-04-23 00:00:00+00:00,11.775104166666667
2018-04-24 00:00:00+00:00,13.0159375
2018-04-25 00:00:00+00:00,11.914479166666666
2018-04-26 00:00:00+00:00,36.12614583333333
2018-04-27 00:00:00+00:00,14.534583333333332
2018-04-28 00:00:00+00:00,14.271666666666667
2018-04-29 00:00:00+00:00,38.36354166666667
2018-04-30 00:00:00+00:00,39.87510416666667
2018-05-01 00:00:00+00:00,30.696875000000002
2018-05-02 00:00:00+00:00,14.683645833333335
2018-05-03 00:00:00+00:00,12.726354166666667
2018-05-04 00:00:00+00:00,11.992708333333333
2018-05-05 00:00:00+00:00,25.2309375
2018-05-06 00:00:00+00:00,26.306250000000002
2018-05-07 00:00:00+00:00,31.646666666666665
2018-05-08 00:00:00+00:00,14.727604166666666
2018-05-09 00:00:00+00:00,12.218958333333333
2018-05-10 00:00:00+00:00,12.098125000000001
2018-05-11 00:00:00+00:00,30.56458333333333
2018-05-12 00:00:00+00:00,22.721249999999998
2018-05-13 00:00:00+00:00,13.836354166666666
2018-05-14 00:00:00+00:00,12.132708333333333
2018-05-15 00:00:00+00:00,12.436770833333334
2018-05-16 00:00:00+00:00,13.233541666666667
2018-05-17 00:00:00+00:00,12.0765625
2018-05-18 00:00:00+00:00,16.779166666666665
2018-05-19 00:00:00+00:00,12.871354166666668
2018-05-20 00:00:00+00:00,12.078541666666666
2018-05-21 00:00:00+00:00,17.21
2018-05-22 00:00:00+00:00,12.223958333333334
2018-05-23 00:00:00+00:00,12.128541666666665
2018-05-24 00:00:00+00:00,15.557812499999999
2018-05-25 00:00:00+00:00,12.938541666666666
2018-05-26 00:00:00+00:00,12.211875
2018-05-27 00:00:00+00:00,22.14375
2018-05-28 00:00:00+00:00,12.436458333333334
2018-05-29 00:00:00+00:00,12.303645833333334
2018-05-30 00:00:00+00:00,11.855937500000001
2018-05-31 00:00:00+00:00,11.9090625
2018-06-01 00:00:00+00:00,11.924999999999999
2018-06-02 00:00:00+00:00,15.306666666666667
2018-06-03 00:00:00+00:00,12.280000000000001
2018-06-04 00:00:00+00:00,13.337708333333333
2018-06-05 00:00:00+00:00,21.149375
2018-06-06 00:00:00+00:00,13.916770833333333
2018-06-07 00:00:00+00:00,12.0646875
2018-06-08 00:00:00+00:00,11.838645833333333
2018-06-09 00:00:00+00:00,16.822187500000002
2018-06-10 00:00:00+00:00,12.826041666666667
2018-06-11 00:00:00+00:00,16.171354166666667
2018-06-12 00:00:00+00:00,12.257916666666667
2018-06-13 00:00:00+00:00,11.98375
2018-06-14 00:00:00+00:00,19.632916666666667
2018-06-15 00:00:00+00:00,15.532083333333333
2018-06-16 00:00:00+00:00,13.076875
2018-06-17 00:00:00+00:00,14.738020833333332
2018-06-18 00:00:00+00:00,12.381979166666667
2018-06-19 00:00:00+00:00,13.741666666666667
2018-06-20 00:00:00+00:00,13.201458333333333
2018-06-21 00:00:00+00:00,23.75854166666667
2018-06-22 00:00:00+00:00,13.003958333333335
2018-06-23 00:00:00+00:00,16.1225
2018-06-24 00:00:00+00:00,12.249791666666667
2018-06-25 00:00:00+00:00,15.365208333333333
2018-06-26 00:00:00+00:00,12.860520833333332
2018-06-27 00:00:00+00:00,12.248854166666668
2018-06-28 00:00:00+00:00,12.7640625
2018-06-29 00:00:00+00:00,15.378020833333332
2018-06-30 00:00:00+00:00,14.136249999999999
2018-07-01 00:00:00+00:00,17.99020833333333
2018-07-02 00:00:00+00:00,13.724791666666667
2018-07-03 00:00:00+00:00,13.171770833333333
2018-07-04 00:00:00+00:00,12.632604166666667
2018-07-05 00:00:00+00:00,12.40375
2018-07-06 00:00:00+00:00,12.581041666666666
2018-07-07 00:00:00+00:00,19.461770833333333
2018-07-08 00:00:00+00:00,14.7509375
2018-07-09 00:00:00+00:00,13.068958333333333
2018-07-10 00:00:00+00:00,17.447395833333335
2018-07-11 00:00:00+00:00,18.536979166666665
2018-07-12 00:00:00+00:00,14.075625
2018-07-13 00:00:00+00:00,12.357916666666666
2018-07-14 00:00:00+00:00,13.439583333333333
2018-07-15 00:00:00+00:00,14.675104166666666
2018-07-16 00:00:00+00:00,12.977812499999999
2018-07-17 00:00:00+00:00,14.032083333333333
2018-07-18 00:00:00+00:00,13.497083333333334
2018-07-19 00:00:00+00:00,15.675104166666666
2018-07-20 00:00:00+00:00,12.738437500000002
2018-07-21 00:00:00+00:00,14.433958333333335
2018-07-22 00:00:00+00:00,12.801666666666668
2018-07-23 00:00:00+00:00,12.211666666666666
2018-07-24 00:00:00+00:00,12.241666666666667
2018-07-25 00:00:00+00:00,12.245937499999998
2018-07-26 00:00:00+00:00,12.6415625
2018-07-27 00:00:00+00:00,12.303229166666666
2018-07-28 00:00:00+00:00,20.6634375
2018-07-29 00:00:00+00:00,14.145312500000001
2018-07-30 00:00:00+00:00,12.344479166666666
2018-07-31 00:00:00+00:00,13.377916666666666
2018-08-01 00:00:00+00:00,12.200208333333334
2018-08-02 00:00:00+00:00,12.127604166666666
2018-08-03 00:00:00+00:00,12.040208333333332
2018-08-04 00:00:00+00:00,12.5371875
2018-08-05 00:00:00+00:00,13.598541666666668
2018-08-06 00:00:00+00:00,12.725104166666666
2018-08-07 00:00:00+00:00,12.852291666666666
2018-08-08 00:00:00+00:00,12.622395833333334
2018-08-09 00:00:00+00:00,15.348541666666668
2018-08-10 00:00:00+00:00,13.721041666666666
2018-08-11 00:00:00+00:00,15.019687500000002
2018-08-12 00:00:00+00:00,22.6271875
2018-08-13 00:00:00+00:00,14.2728125
2018-08-14 00:00:00+00:00,12.6146875
2018-08-15 00:00:00+00:00,12.841041666666667
2018-08-16 00:00:00+00:00,14.560520833333333
2018-08-17 00:00:00+00:00,12.404583333333333
2018-08-18 00:00:00+00:00,14.469270833333333
2018-08-19 00:00:00+00:00,12.7240625
2018-08-20 00:00:00+00:00,12.410416666666668
2018-08-21 00:00:00+00:00,11.775520833333333
2018-08-22 00:00:00+00:00,13.345520833333333
2018-08-23 00:00:00+00:00,17.274895833333336
2018-08-24 00:00:00+00:00,11.652083333333332
2018-08-25 00:00:00+00:00,12.540520833333332
2018-08-26 00:00:00+00:00,12.548854166666667
2018-08-27 00:00:00+00:00,12.441249999999998
2018-08-28 00:00:00+00:00,11.983541666666667
2018-08-29 00:00:00+00:00,12.467395833333333
2018-08-30 00:00:00+00:00,14.578020833333333
2018-08-31 00:00:00+00:00,12.239895833333334
2018-09-01 00:00:00+00:00,12.283125
2018-09-02 00:00:00+00:00,12.033958333333333
2018-09-03 00:00:00+00:00,12.168125000000002
2018-09-04 00:00:00+00:00,21.341145833333332
2018-09-05 00:00:00+00:00,12.177708333333333
2018-09-06 00:00:00+00:00,12.577916666666667
2018-09-07 00:00:00+00:00,12.716875
2018-09-08 00:00:00+00:00,13.491666666666667
2018-09-09 00:00:00+00:00,12.216458333333334
2018-09-10 00:00:00+00:00,11.9871875
2018-09-11 00:00:00+00:00,12.041458333333333
2018-09-12 00:00:00+00:00,11.7634375
2018-09-13 00:00:00+00:00,12.053020833333333
2018-09-14 00:00:00+00:00,12.311458333333334
2018-09-15 00:00:00+00:00,12.6021875
2018-09-16 00:00:00+00:00,11.808645833333335
2018-09-17 00:00:00+00:00,11.854166666666666
2018-09-18 00:00:00+00:00,12.238958333333334
2018-09-19 00:00:00+00:00,13.664270833333333
2018-09-20 00:00:00+00:00,12.014270833333333
2018-09-21 00:00:00+00:00,11.846666666666666
2018-09-22 00:00:00+00:00,12.721145833333333
2018-09-23 00:00:00+00:00,12.357604166666667
2018-09-24 00:00:00+00:00,12.241666666666667
2018-09-25 00:00:00+00:00,12.175520833333332
2018-09-26 00:00:00+00:00,11.506562500000001
2018-09-27 00:00:00+00:00,14.153854166666667
2018-09-28 00:00:00+00:00,11.972812500000002
2018-09-29 00:00:00+00:00,13.663958333333333
2018-09-30 00:00:00+00:00,13.957812500000001
2018-10-01 00:00:00+00:00,11.574062499999998
2018-10-02 00:00:00+00:00,11.683854166666668
2018-10-03 00:00:00+00:00,12.361458333333333
2018-10-04 00:00:00+00:00,11.611354166666667
2018-10-05 00:00:00+00:00,12.528541666666667
2018-10-06 00:00:00+00:00,11.723645833333334
2018-10-07 00:00:00+00:00,11.712916666666667
2018-10-08 00:00:00+00:00,11.834166666666667
2018-10-09 00:00:00+00:00,11.7640625
2018-10-10 00:00:00+00:00,11.707812500000001
2018-10-11 00:00:00+00:00,11.7346875
2018-10-12 00:00:00+00:00,13.26375
2018-10-13 00:00:00+00:00,13.582187500000002
2018-10-14 00:00:00+00:00,13.968541666666667
2018-10-15 00:00:00+00:00,11.689166666666667
2018-10-16 00:00:00+00:00,12.2740625
2018-10-17 00:00:00+00:00,13.615833333333335
2018-10-18 00:00:00+00:00,14.125520833333333
2018-10-19 00:00:00+00:00,11.020416666666668
2018-10-20 00:00:00+00:00,12.689270833333333
2018-10-21 00:00:00+00:00,12.831562499999999
2018-10-22 00:00:00+00:00,11.009270833333334
2018-10-23 00:00:00+00:00,11.190833333333332
2018-10-24 00:00:00+00:00,11.708958333333333
2018-10-25 00:00:00+00:00,11.418645833333334
2018-10-26 00:00:00+00:00,11.292187499999999
2018-10-27 00:00:00+00:00,13.539479166666666
2018-10-28 00:00:00+00:00,11.27125
2018-10-29 00:00:00+00:00,11.695520833333333
2018-10-30 00:00:00+00:00,12.144895833333335
2018-10-31 00:00:00+00:00,11.532604166666667
2018-11-01 00:00:00+00:00,11.513854166666667
2018-11-02 00:00:00+00:00,11.892395833333333
2018-11-03 00:00:00+00:00,21.741041666666664
2018-11-04 00:00:00+00:00,12.07467391304348
2018-11-05 00:00:00+00:00,11.55625
2018-11-06 00:00:00+00:00,11.4859375
2018-11-07 00:00:00+00:00,11.890520833333333
2018-11-08 00:00:00+00:00,12.163541666666667
2018-11-09 00:00:00+00:00,11.509479166666667
2018-11-10 00:00:00+00:00,16.865416666666665
2018-11-11 00:00:00+00:00,12.470625
2018-11-12 00:00:00+00:00,11.0025
2018-11-13 00:00:00+00:00,11.243333333333334
2018-11-14 00:00:00+00:00,14.748854166666668
2018-11-15 00:00:00+00:00,12.401979166666665
2018-11-16 00:00:00+00:00,13.3509375
2018-11-17 00:00:00+00:00,11.3509375
2018-11-18 00:00:00+00:00,11.614062500000001
2018-11-19 00:00:00+00:00,10.98625
2018-11-20 00:00:00+00:00,11.101354166666667
2018-11-21 00:00:00+00:00,11.193854166666666
2018-11-22 00:00:00+00:00,13.564166666666667
2018-11-23 00:00:00+00:00,10.929583333333333
2018-11-24 00:00:00+00:00,10.285729166666668
2018-11-25 00:00:00+00:00,14.343020833333334
2018-11-26 00:00:00+00:00,11.13875
2018-11-27 00:00:00+00:00,11.820833333333333
2018-11-28 00:00:00+00:00,11.4703125
2018-11-29 00:00:00+00:00,12.090520833333334
2018-11-30 00:00:00+00:00,11.031458333333333
2018-12-01 00:00:00+00:00,10.9885
2018-12-02 00:00:00+00:00,10.9885
2018-12-03 00:00:00+00:00,10.9885
2018-12-04 00:00:00+00:00,10.9885
2018-12-05 00:00:00+00:00,10.9885
2018-12-06 00:00:00+00:00,10.9885
2018-12-07 00:00:00+00:00,10.9885
2018-12-08 00:00:00+00:00,10.9885
2018-12-09 00:00:00+00:00,10.9885
2018-12-10 00:00:00+00:00,10.9885
2018-12-11 00:00:00+00:00,10.9885
2018-12-12 00:00:00+00:00,10.9885
2018-12-13 00:00:00+00:00,10.9885
2018-12-14 00:00:00+00:00,10.9885
2018-12-15 00:00:00+00:00,10.9885
2018-12-16 00:00:00+00:00,10.9885
2018-12-17 00:00:00+00:00,10.9885
2018-12-18 00:00:00+00:00,10.9885
2018-12-19 00:00:00+00:00,10.9885
2018-12-20 00:00:00+00:00,10.9885
2018-12-21 00:00:00+00:00,10.9885
2018-12-22 00:00:00+00:00,10.9885
2018-12-23 00:00:00+00:00,10.9885
2018-12-24 00:00:00+00:00,10.9885
2018-12-25 00:00:00+00:00,10.9885
2018-12-26 00:00:00+00:00,10.9885
2018-12-27 00:00:00+00:00,10.9885
2018-12-28 00:00:00+00:00,10.9885
2018-12-29 00:00:00+00:00,10.9885
2018-12-30 00:00:00+00:00,10.9885
2018-12-31 00:00:00+00:00,10.9885
2019-01-01 00:00:00+00:00,10.9885
2019-01-02 00:00:00+00:00,10.9885
2019-01-03 00:00:00+00:00,10.9885
2019-01-04 00:00:00+00:00,10.9885
2019-01-05 00:00:00+00:00,10.9885
2019-01-06 00:00:00+00:00,10.9885
2019-01-07 00:00:00+00:00,10.9885
2019-01-08 00:00:00+00:00,10.9885
2019-01-09 00:00:00+00:00,10.9885
2019-01-10 00:00:00+00:00,10.9885
2019-01-11 00:00:00+00:00,10.9885
2019-01-12 00:00:00+00:00,10.9885
2019-01-13 00:00:00+00:00,10.9885
2019-01-14 00:00:00+00:00,10.9885
2019-01-15 00:00:00+00:00,10.9885
2019-01-16 00:00:00+00:00,10.9885
2019-01-17 00:00:00+00:00,10.9885
2019-01-18 00:00:00+00:00,10.9885
2019-01-19 00:00:00+00:00,10.9885
2019-01-20 00:00:00+00:00,10.9885
2019-01-21 00:00:00+00:00,10.9885
2019-01-22 00:00:00+00:00,10.9885
2019-01-23 00:00:00+00:00,10.9885
2019-01-24 00:00:00+00:00,10.9885
2019-01-25 00:00:00+00:00,10.9885
2019-01-26 00:00:00+00:00,10.9885
2019-01-27 00:00:00+00:00,10.9885
2019-01-28 00:00:00+00:00,10.9885
2019-01-29 00:00:00+00:00,10.9885
2019-01-30 00:00:00+00:00,10.9885
2019-01-31 00:00:00+00:00,10.9885
2019-02-01 00:00:00+00:00,10.9885
2019-02-02 00:00:00+00:00,10.9885
2019-02-03 00:00:00+00:00,10.9885
2019-02-04 00:00:00+00:00,10.9885
2019-02-05 00:00:00+00:00,10.9885
2019-02-06 00:00:00+00:00,10.9885
2019-02-07 00:00:00+00:00,10.9885
2019-02-08 00:00:00+00:00,10.9885
2019-02-09 00:00:00+00:00,10.9885
2019-02-10 00:00:00+00:00,10.9885
2019-02-11 00:00:00+00:00,10.9885
2019-02-12 00:00:00+00:00,10.9885
2019-02-13 00:00:00+00:00,10.9885
2019-02-14 00:00:00+00:00,10.9885
2019-02-15 00:00:00+00:00,10.9885
2019-02-16 00:00:00+00:00,10.9885
2019-02-17 00:00:00+00:00,10.9885
2019-02-18 00:00:00+00:00,10.9885
2019-02-19 00:00:00+00:00,10.9885
2019-02-20 00:00:00+00:00,10.9885
2019-02-21 00:00:00+00:00,10.9885
2019-02-22 00:00:00+00:00,10.9885
2019-02-23 00:00:00+00:00,10.9885
2019-02-24 00:00:00+00:00,10.9885
2019-02-25 00:00:00+00:00,10.9885
2019-02-26 00:00:00+00:00,10.9885
2019-02-27 00:00:00+00:00,10.9885
2019-02-28 00:00:00+00:00,10.9885
2019-03-01 00:00:00+00:00,10.9885
2019-03-02 00:00:00+00:00,10.9885
2019-03-03 00:00:00+00:00,10.9885
2019-03-04 00:00:00+00:00,10.9885
2019-03-05 00:00:00+00:00,10.9885
2019-03-06 00:00:00+00:00,10.9885
2019-03-07 00:00:00+00:00,10.9885
2019-03-08 00:00:00+00:00,10.9885
2019-03-09 00:00:00+00:00,10.9885
2019-03-10 00:00:00+00:00,10.9885
2019-03-11 00:00:00+00:00,10.9885
2019-03-12 00:00:00+00:00,10.9885
2019-03-13 00:00:00+00:00,10.9885
2019-03-14 00:00:00+00:00,10.9885
2019-03-15 00:00:00+00:00,10.9885
2019-03-16 00:00:00+00:00,10.9885
2019-03-17 00:00:00+00:00,10.9885
2019-03-18 00:00:00+00:00,10.9885
2019-03-19 00:00:00+00:00,10.9885
2019-03-20 00:00:00+00:00,10.9885
2019-03-21 00:00:00+00:00,10.9885
2019-03-22 00:00:00+00:00,10.9885
2019-03-23 00:00:00+00:00,10.9885
2019-03-24 00:00:00+00:00,10.9885
2019-03-25 00:00:00+00:00,10.9885
2019-03-26 00:00:00+00:00,10.9885
2019-03-27 00:00:00+00:00,10.9885
2019-03-28 00:00:00+00:00,10.9885
2019-03-29 00:00:00+00:00,10.9885
2019-03-30 00:00:00+00:00,10.9885
2019-03-31 00:00:00+00:00,10.9885
2019-04-01 00:00:00+00:00,10.9885
2019-04-02 00:00:00+00:00,10.9885
2019-04-03 00:00:00+00:00,10.9885
2019-04-04 00:00:00+00:00,10.9885
2019-04-05 00:00:00+00:00,10.9885
2019-04-06 00:00:00+00:00,10.9885
2019-04-07 00:00:00+00:00,10.9885
2019-04-08 00:00:00+00:00,10.9885
2019-04-09 00:00:00+00:00,10.9885
2019-04-10 00:00:00+00:00,10.9885
2019-04-11 00:00:00+00:00,10.9885
2019-04-12 00:00:00+00:00,10.9885
2019-04-13 00:00:00+00:00,10.9885
2019-04-14 00:00:00+00:00,10.9885
2019-04-15 00:00:00+00:00,10.9885
2019-04-16 00:00:00+00:00,10.9885
2019-04-17 00:00:00+00:00,10.9885
2019-04-18 00:00:00+00:00,10.9885
2019-04-19 00:00:00+00:00,10.9885
2019-04-20 00:00:00+00:00,10.9885
2019-04-21 00:00:00+00:00,10.9885
2019-04-22 00:00:00+00:00,10.9885
2019-04-23 00:00:00+00:00,10.9885
2019-04-24 00:00:00+00:00,10.9885
2019-04-25 00:00:00+00:00,10.9885
2019-04-26 00:00:00+00:00,10.9885
2019-04-27 00:00:00+00:00,10.9885
2019-04-28 00:00:00+00:00,10.9885
2019-04-29 00:00:00+00:00,10.9885
2019-04-30 00:00:00+00:00,10.9885
2019-05-01 00:00:00+00:00,10.9885
2019-05-02 00:00:00+00:00,10.9885
2019-05-03 00:00:00+00:00,10.9885
2019-05-04 00:00:00+00:00,10.9885
2019-05-05 00:00:00+00:00,10.9885
2019-05-06 00:00:00+00:00,10.9885
2019-05-07 00:00:00+00:00,10.9885
2019-05-08 00:00:00+00:00,10.9885
2019-05-09 00:00:00+00:00,10.9885
2019-05-10 00:00:00+00:00,10.9885
2019-05-11 00:00:00+00:00,10.9885
2019-05-12 00:00:00+00:00,10.9885
2019-05-13 00:00:00+00:00,10.9885
2019-05-14 00:00:00+00:00,10.9885
2019-05-15 00:00:00+00:00,10.9885
2019-05-16 00:00:00+00:00,10.9885
2019-05-17 00:00:00+00:00,10.9885
2019-05-18 00:00:00+00:00,10.9885
2019-05-19 00:00:00+00:00,10.9885
2019-05-20 00:00:00+00:00,10.9885
2019-05-21 00:00:00+00:00,10.9885
2019-05-22 00:00:00+00:00,10.9885
2019-05-23 00:00:00+00:00,10.9885
2019-05-24 00:00:00+00:00,10.9885
2019-05-25 00:00:00+00:00,10.9885
2019-05-26 00:00:00+00:00,10.9885
2019-05-27 00:00:00+00:00,10.9885
2019-05-28 00:00:00+00:00,10.9885
2019-05-29 00:00:00+00:00,10.9885
2019-05-30 00:00:00+00:00,10.9885
2019-05-31 00:00:00+00:00,10.9885
2019-06-01 00:00:00+00:00,10.9885
2019-06-02 00:00:00+00:00,10.9885
2019-06-03 00:00:00+00:00,10.9885
2019-06-04 00:00:00+00:00,10.9885
2019-06-05 00:00:00+00:00,10.9885
2019-06-06 00:00:00+00:00,10.9885
2019-06-07 00:00:00+00:00,10.9885
2019-06-08 00:00:00+00:00,10.9885
2019-06-09 00:00:00+00:00,10.9885
2019-06-10 00:00:00+00:00,10.9885
2019-06-11 00:00:00+00:00,10.9885
2019-06-12 00:00:00+00:00,10.9885
2019-06-13 00:00:00+00:00,10.9885
2019-06-14 00:00:00+00:00,10.9885
2019-06-15 00:00:00+00:00,10.9885
2019-06-16 00:00:00+00:00,10.9885
2019-06-17 00:00:00+00:00,10.9885
2019-06-18 00:00:00+00:00,10.9885
2019-06-19 00:00:00+00:00,10.9885
2019-06-20 00:00:00+00:00,10.9885
2019-06-21 00:00:00+00:00,10.9885
2019-06-22 00:00:00+00:00,10.9885
2019-06-23 00:00:00+00:00,10.9885
2019-06-24 00:00:00+00:00,10.9885
2019-06-25 00:00:00+00:00,10.9885
2019-06-26 00:00:00+00:00,10.9885
2019-06-27 00:00:00+00:00,10.9885
2019-06-28 00:00:00+00:00,10.9885
2019-06-29 00:00:00+00:00,10.9885
2019-06-30 00:00:00+00:00,10.9885
2019-07-01 00:00:00+00:00,10.9885
2019-07-02 00:00:00+00:00,10.9885
2019-07-03 00:00:00+00:00,10.9885
2019-07-04 00:00:00+00:00,10.9885
2019-07-05 00:00:00+00:00,10.9885
2019-07-06 00:00:00+00:00,10.9885
2019-07-07 00:00:00+00:00,10.9885
2019-07-08 00:00:00+00:00,10.9885
2019-07-09 00:00:00+00:00,10.9885
2019-07-10 00:00:00+00:00,10.9885
2019-07-11 00:00:00+00:00,10.9885
2019-07-12 00:00:00+00:00,10.9885
2019-07-13 00:00:00+00:00,10.9885
2019-07-14 00:00:00+00:00,10.9885
2019-07-15 00:00:00+00:00,10.9885
2019-07-16 00:00:00+00:00,10.9885
2019-07-17 00:00:00+00:00,10.9885
2019-07-18 00:00:00+00:00,10.9885
2019-07-19 00:00:00+00:00,10.9885
2019-07-20 00:00:00+00:00,10.9885
2019-07-21 00:00:00+00:00,10.9885
2019-07-22 00:00:00+00:00,10.9885
2019-07-23 00:00:00+00:00,10.9885
2019-07-24 00:00:00+00:00,10.9885
2019-07-25 00:00:00+00:00,10.9885
2019-07-26 00:00:00+00:00,10.9885
2019-07-27 00:00:00+00:00,10.9885
2019-07-28 00:00:00+00:00,10.9885
2019-07-29 00:00:00+00:00,10.9885
2019-07-30 00:00:00+00:00,10.9885
2019-07-31 00:00:00+00:00,10.9885
2019-08-01 00:00:00+00:00,10.9885
2019-08-02 00:00:00+00:00,10.9885
2019-08-03 00:00:00+00:00,10.9885
2019-08-04 00:00:00+00:00,10.9885
2019-08-05 00:00:00+00:00,10.9885
2019-08-06 00:00:00+00:00,10.9885
2019-08-07 00:00:00+00:00,10.9885
2019-08-08 00:00:00+00:00,10.9885
2019-08-09 00:00:00+00:00,10.9885
2019-08-10 00:00:00+00:00,10.9885
2019-08-11 00:00:00+00:00,10.9885
2019-08-12 00:00:00+00:00,10.9885
2019-08-13 00:00:00+00:00,10.9885
2019-08-14 00:00:00+00:00,10.9885
2019-08-15 00:00:00+00:00,10.9885
2019-08-16 00:00:00+00:00,10.9885
2019-08-17 00:00:00+00:00,10.9885
2019-08-18 00:00:00+00:00,10.9885
2019-08-19 00:00:00+00:00,10.9885
2019-08-20 00:00:00+00:00,10.9885
2019-08-21 00:00:00+00:00,10.9885
2019-08-22 00:00:00+00:00,10.9885
2019-08-23 00:00:00+00:00,10.9885
2019-08-24 00:00:00+00:00,10.9885
2019-08-25 00:00:00+00:00,10.9885
2019-08-26 00:00:00+00:00,10.9885
2019-08-27 00:00:00+00:00,10.9885
2019-08-28 00:00:00+00:00,10.9885
2019-08-29 00:00:00+00:00,10.9885
2019-08-30 00:00:00+00:00,10.9885
2019-08-31 00:00:00+00:00,10.9885
2019-09-01 00:00:00+00:00,10.9885
2019-09-02 00:00:00+00:00,10.9885
2019-09-03 00:00:00+00:00,10.9885
2019-09-04 00:00:00+00:00,10.9885
2019-09-05 00:00:00+00:00,10.9885
2019-09-06 00:00:00+00:00,10.9885
2019-09-07 00:00:00+00:00,10.9885
2019-09-08 00:00:00+00:00,10.9885
2019-09-09 00:00:00+00:00,10.9885
2019-09-10 00:00:00+00:00,10.9885
2019-09-11 00:00:00+00:00,10.9885
2019-09-12 00:00:00+00:00,10.9885
2019-09-13 00:00:00+00:00,10.9885
2019-09-14 00:00:00+00:00,10.9885
2019-09-15 00:00:00+00:00,10.9885
2019-09-16 00:00:00+00:00,10.9885
2019-09-17 00:00:00+00:00,10.9885
2019-09-18 00:00:00+00:00,10.9885
2019-09-19 00:00:00+00:00,10.9885
2019-09-20 00:00:00+00:00,10.9885
2019-09-21 00:00:00+00:00,10.9885
2019-09-22 00:00:00+00:00,10.9885
2019-09-23 00:00:00+00:00,10.9885
2019-09-24 00:00:00+00:00,10.9885
2019-09-25 00:00:00+00:00,10.9885
2019-09-26 00:00:00+00:00,10.9885
2019-09-27 00:00:00+00:00,10.9885
2019-09-28 00:00:00+00:00,10.9885
2019-09-29 00:00:00+00:00,10.9885
2019-09-30 00:00:00+00:00,10.9885
2019-10-01 00:00:00+00:00,10.9885
2019-10-02 00:00:00+00:00,10.9885
2019-10-03 00:00:00+00:00,10.9885
2019-10-04 00:00:00+00:00,10.9885
2019-10-05 00:00:00+00:00,10.9885
2019-10-06 00:00:00+00:00,10.9885
2019-10-07 00:00:00+00:00,10.9885
2019-10-08 00:00:00+00:00,10.9885
2019-10-09 00:00:00+00:00,10.9885
2019-10-10 00:00:00+00:00,10.9885
2019-10-11 00:00:00+00:00,10.9885
2019-10-12 00:00:00+00:00,10.9885
2019-10-13 00:00:00+00:00,10.9885
2019-10-14 00:00:00+00:00,10.9885
2019-10-15 00:00:00+00:00,10.9885
2019-10-16 00:00:00+00:00,10.9885
2019-10-17 00:00:00+00:00,10.9885
2019-10-18 00:00:00+00:00,10.9885
2019-10-19 00:00:00+00:00,10.9885
2019-10-20 00:00:00+00:00,10.9885
2019-10-21 00:00:00+00:00,10.9885
2019-10-22 00:00:00+00:00,10.9885
2019-10-23 00:00:00+00:00,10.9885
2019-10-24 00:00:00+00:00,10.9885
2019-10-25 00:00:00+00:00,10.9885
2019-10-26 00:00:00+00:00,10.9885
2019-10-27 00:00:00+00:00,10.9885
2019-10-28 00:00:00+00:00,10.9885
2019-10-29 00:00:00+00:00,10.9885
2019-10-30 00:00:00+00:00,10.9885
2019-10-31 00:00:00+00:00,10.9885
2019-11-01 00:00:00+00:00,10.9885
2019-11-02 00:00:00+00:00,10.9885
2019-11-03 00:00:00+00:00,10.9885
2019-11-04 00:00:00+00:00,10.9885
2019-11-05 00:00:00+00:00,10.9885
2019-11-06 00:00:00+00:00,10.9885
2019-11-07 00:00:00+00:00,10.9885
2019-11-08 00:00:00+00:00,10.9885
2019-11-09 00:00:00+00:00,10.9885
2019-11-10 00:00:00+00:00,10.9885
2019-11-11 00:00:00+00:00,10.9885
2019-11-12 00:00:00+00:00,10.9885
2019-11-13 00:00:00+00:00,10.9885
2019-11-14 00:00:00+00:00,10.9885
2019-11-15 00:00:00+00:00,10.9885
2019-11-16 00:00:00+00:00,10.9885
2019-11-17 00:00:00+00:00,10.9885
2019-11-18 00:00:00+00:00,10.9885
2019-11-19 00:00:00+00:00,10.9885
2019-11-20 00:00:00+00:00,10.9885
2019-11-21 00:00:00+00:00,10.9885
2019-11-22 00:00:00+00:00,10.9885
2019-11-23 00:00:00+00:00,10.9885
2019-11-24 00:00:00+00:00,10.9885
2019-11-25 00:00:00+00:00,10.9885
2019-11-26 00:00:00+00:00,10.9885
2019-11-27 00:00:00+00:00,10.9885
2019-11-28 00:00:00+00:00,10.9885
2019-11-29 00:00:00+00:00,10.9885
2019-11-30 00:00:00+00:00,10.9885
2019-12-01 00:00:00+00:00,11.36328947368421
2019-12-02 00:00:00+00:00,12.614791666666667
2019-12-03 00:00:00+00:00,21.5984375
2019-12-04 00:00:00+00:00,11.225
2019-12-05 00:00:00+00:00,12.271875
2019-12-06 00:00:00+00:00,12.199479166666668
2019-12-07 00:00:00+00:00,12.867916666666666
2019-12-08 00:00:00+00:00,11.574270833333335
2019-12-09 00:00:00+00:00,10.9984375
2019-12-10 00:00:00+00:00,11.288020833333334
2019-12-11 00:00:00+00:00,15.108020833333333
2019-12-12 00:00:00+00:00,11.811666666666667
2019-12-13 00:00:00+00:00,10.99
2019-12-14 00:00:00+00:00,12.147395833333334
2019-12-15 00:00:00+00:00,14.539895833333333
2019-12-16 00:00:00+00:00,11.439583333333333
2019-12-17 00:00:00+00:00,11.066562500000002
2019-12-18 00:00:00+00:00,11.6575
2019-12-19 00:00:00+00:00,13.817083333333334
2019-12-20 00:00:00+00:00,10.950000000000001
2019-12-21 00:00:00+00:00,10.833958333333333
2019-12-22 00:00:00+00:00,10.9603125
2019-12-23 00:00:00+00:00,10.962291666666667
2019-12-24 00:00:00+00:00,12.582812500000001
2019-12-25 00:00:00+00:00,11.155625
2019-12-26 00:00:00+00:00,11.028541666666667
2019-12-27 00:00:00+00:00,11.027500000000002
2019-12-28 00:00:00+00:00,11.054583333333333
2019-12-29 00:00:00+00:00,11.216979166666667
2019-12-30 00:00:00+00:00,12.186979166666667
2019-12-31 00:00:00+00:00,11.693529411764706
2020-01-01 00:00:00+00:00,14.15
2020-01-02 00:00:00+00:00,11.826666666666668
2020-01-03 00:00:00+00:00,11.0303125
2020-01-04 00:00:00+00:00,11.079375
2020-01-05 00:00:00+00:00,17.393541666666668
2020-01-06 00:00:00+00:00,11.992395833333333
2020-01-07 00:00:00+00:00,11.283645833333333
2020-01-08 00:00:00+00:00,14.596145833333333
2020-01-09 00:00:00+00:00,13.4159375
2020-01-10 00:00:00+00:00,11.050937500000002
2020-01-11 00:00:00+00:00,12.819062500000001
2020-01-12 00:00:00+00:00,39.72322916666666
2020-01-13 00:00:00+00:00,12.9990625
2020-01-14 00:00:00+00:00,11.026770833333332
2020-01-15 00:00:00+00:00,12.2171875
2020-01-16 00:00:00+00:00,15.773645833333333
2020-01-17 00:00:00+00:00,26.290833333333335
2020-01-18 00:00:00+00:00,13.939583333333333
2020-01-19 00:00:00+00:00,12.960833333333333
2020-01-20 00:00:00+00:00,32.30041666666667
2020-01-21 00:00:00+00:00,17.606041666666666
2020-01-22 00:00:00+00:00,65.3315625
2020-01-23 00:00:00+00:00,151.5209375
2020-01-24 00:00:00+00:00,111.63822916666668
2020-01-25 00:00:00+00:00,74.37
2020-01-26 00:00:00+00:00,86.02291666666667
2020-01-27 00:00:00+00:00,118.48260416666666
2020-01-28 00:00:00+00:00,161.829375
2020-01-29 00:00:00+00:00,196.26802083333334
2020-01-30 00:00:00+00:00,198.08395833333336
2020-01-31 00:00:00+00:00,143.3559375
2020-02-01 00:00:00+00:00,100.31041666666665
2020-02-02 00:00:00+00:00,141.9896875
2020-02-03 00:00:00+00:00,156.08010416666667
2020-02-04 00:00:00+00:00,150.59197916666668
2020-02-05 00:00:00+00:00,176.02052083333334
2020-02-06 00:00:00+00:00,183.51041666666666
2020-02-07 00:00:00+00:00,145.09083333333334
2020-02-08 00:00:00+00:00,187.6364583333333
2020-02-09 00:00:00+00:00,189.423125
2020-02-10 00:00:00+00:00,189.51375
2020-02-11 00:00:00+00:00,157.17656250000002
2020-02-12 00:00:00+00:00,175.05072916666666
2020-02-13 00:00:00+00:00,189.98614583333332
2020-02-14 00:00:00+00:00,189.418125
2020-02-15 00:00:00+00:00,197.58947916666668
2020-02-16 00:00:00+00:00,189.9461458333333
2020-02-17 00:00:00+00:00,181.32322916666666
2020-02-18 00:00:00+00:00,191.92239583333333
2020-02-19 00:00:00+00:00,189.27822916666665
2020-02-20 00:00:00+00:00,205.1875
2020-02-21 00:00:00+00:00,137.25854166666667
2020-02-22 00:00:00+00:00,19.678854166666667
2020-02-23 00:00:00+00:00,19.942708333333332
2020-02-24 00:00:00+00:00,19.646666666666665
2020-02-25 00:00:00+00:00,21.163020833333334
2020-02-26 00:00:00+00:00,26.620833333333334
2020-02-27 00:00:00+00:00,30.977395833333333
2020-02-28 00:00:00+00:00,29.903125
2020-02-29 00:00:00+00:00,29.78708333333333
2020-03-01 00:00:00+00:00,28.459374999999998
2020-03-02 00:00:00+00:00,19.107604166666665
2020-03-03 00:00:00+00:00,22.329895833333335
2020-03-04 00:00:00+00:00,35.52697916666667
2020-03-05 00:00:00+00:00,30.66270833333333
2020-03-06 00:00:00+00:00,24.739687500000002
2020-03-07 00:00:00+00:00,38.773854166666666
2020-03-08 00:00:00+00:00,28.821145833333333
2020-03-09 00:00:00+00:00,22.586875000000003
2020-03-10 00:00:00+00:00,24.28333333333333
2020-03-11 00:00:00+00:00,34.76916666666667
2020-03-12 00:00:00+00:00,22.004479166666666
2020-03-13 00:00:00+00:00,31.665104166666666
2020-03-14 00:00:00+00:00,54.61041666666667
2020-03-15 00:00:00+00:00,43.13666666666666
2020-03-16 00:00:00+00:00,35.61666666666667
2020-03-17 00:00:00+00:00,26.753854166666667
2020-03-18 00:00:00+00:00,29.368750000000002
2020-03-19 00:00:00+00:00,28.578437500000003
2020-03-20 00:00:00+00:00,21.824270833333333
2020-03-21 00:00:00+00:00,55.00302083333333
2020-03-22 00:00:00+00:00,41.564479166666665
2020-03-23 00:00:00+00:00,30.215729166666666
2020-03-24 00:00:00+00:00,37.349375
2020-03-25 00:00:00+00:00,30.697708333333335
2020-03-26 00:00:00+00:00,30.78322916666667
2020-03-27 00:00:00+00:00,37.04125
2020-03-28 00:00:00+00:00,35.413125
2020-03-29 00:00:00+00:00,37.134479166666665
2020-03-30 00:00:00+00:00,26.478125000000002
2020-03-31 00:00:00+00:00,33.673125
2020-04-01 00:00:00+00:00,48.70708333333334
2020-04-02 00:00:00+00:00,52.42739583333333
2020-04-03 00:00:00+00:00,53.22593749999999
2020-04-04 00:00:00+00:00,50.23645833333333
2020-04-05 00:00:00+00:00,24.000937500000003
2020-04-06 00:00:00+00:00,41.25479166666667
2020-04-07 00:00:00+00:00,44.587604166666665
2020-04-08 00:00:00+00:00,38.835
2020-04-09 00:00:00+00:00,45.4571875
2020-04-10 00:00:00+00:00,71.49187500000001
2020-04-11 00:00:00+00:00,71.486875
2020-04-12 00:00:00+00:00,40.18739583333333
2020-04-13 00:00:00+00:00,41.7125
2020-04-14 00:00:00+00:00,49.3434375
2020-04-15 00:00:00+00:00,58.590624999999996
2020-04-16 00:00:00+00:00,59.55197916666666
2020-04-17 00:00:00+00:00,51.732499999999995
2020-04-18 00:00:00+00:00,35.815104166666664
2020-04-19 00:00:00+00:00,32.0415625
2020-04-20 00:00:00+00:00,23.815104166666668
2020-04-21 00:00:00+00:00,32.768229166666664
2020-04-22 00:00:00+00:00,61.16625
2020-04-23 00:00:00+00:00,31.223645833333332
2020-04-24 00:00:00+00:00,40.48447916666667
2020-04-25 00:00:00+00:00,28.1296875
2020-04-26 00:00:00+00:00,38.3359375
2020-04-27 00:00:00+00:00,46.9684375
2020-04-28 00:00:00+00:00,30.86145833333333
2020-04-29 00:00:00+00:00,26.9103125
2020-04-30 00:00:00+00:00,32.47770833333333
2020-05-01 00:00:00+00:00,51.807812500000004
2020-05-02 00:00:00+00:00,57.014375
2020-05-03 00:00:00+00:00,34.70854166666667
2020-05-04 00:00:00+00:00,51.15947916666667
2020-05-05 00:00:00+00:00,58.586875
2020-05-06 00:00:00+00:00,35.01083333333333
2020-05-07 00:00:00+00:00,51.038645833333334
2020-05-08 00:00:00+00:00,66.8828125
2020-05-09 00:00:00+00:00,71.1796875
2020-05-10 00:00:00+00:00,80.09260416666667
2020-05-11 00:00:00+00:00,65.6434375
2020-05-12 00:00:00+00:00,73.3490625
2020-05-13 00:00:00+00:00,63.20427083333333
2020-05-14 00:00:00+00:00,36.77645833333333
2020-05-15 00:00:00+00:00,27.768854166666667
2020-05-16 00:00:00+00:00,44.303020833333335
2020-05-17 00:00:00+00:00,33.972812499999996
2020-05-18 00:00:00+00:00,52.590833333333336
2020-05-19 00:00:00+00:00,44.6615625
2020-05-20 00:00:00+00:00,43.72427083333333
2020-05-21 00:00:00+00:00,34.27
2020-05-22 00:00:00+00:00,28.449270833333333
2020-05-23 00:00:00+00:00,35.332812499999996
2020-05-24 00:00:00+00:00,54.163333333333334
2020-05-25 00:00:00+00:00,38.74458333333333
2020-05-26 00:00:00+00:00,24.797812500000003
2020-05-27 00:00:00+00:00,24.527604166666666
2020-05-28 00:00:00+00:00,25.421666666666667
2020-05-29 00:00:00+00:00,25.246666666666666
2020-05-30 00:00:00+00:00,42.90177083333333
2020-05-31 00:00:00+00:00,58.83708333333333
2020-06-01 00:00:00+00:00,61.20197916666667
2020-06-02 00:00:00+00:00,34.71875
2020-06-03 00:00:00+00:00,41.238125000000004
2020-06-04 00:00:00+00:00,37.1790625
2020-06-05 00:00:00+00:00,34.20364583333333
2020-06-06 00:00:00+00:00,37.27291666666667
2020-06-07 00:00:00+00:00,90.62802083333332
2020-06-08 00:00:00+00:00,57.82427083333334
2020-06-09 00:00:00+00:00,32.7503125
2020-06-10 00:00:00+00:00,36.0559375
2020-06-11 00:00:00+00:00,32.87416666666667
2020-06-12 00:00:00+00:00,50.787083333333335
2020-06-13 00:00:00+00:00,76.54239583333333
2020-06-14 00:00:00+00:00,60.362500000000004
2020-06-15 00:00:00+00:00,147.30406250000001
2020-06-16 00:00:00+00:00,231.3578125
2020-06-17 00:00:00+00:00,215.70083333333332
2020-06-18 00:00:00+00:00,173.20843749999997
2020-06-19 00:00:00+00:00,192.5634375
2020-06-20 00:00:00+00:00,203.79083333333335
2020-06-21 00:00:00+00:00,207.5640625
2020-06-22 00:00:00+00:00,209.045
2020-06-23 00:00:00+00:00,208.29135416666668
2020-06-24 00:00:00+00:00,216.85302083333332
2020-06-25 00:00:00+00:00,230.55395833333333
2020-06-26 00:00:00+00:00,223.56322916666667
2020-06-27 00:00:00+00:00,220.44145833333334
2020-06-28 00:00:00+00:00,210.9466666666667
2020-06-29 00:00:00+00:00,215.98104166666667
2020-06-30 00:00:00+00:00,219.06281249999998
2020-07-01 00:00:00+00:00,216.36427083333334
2020-07-02 00:00:00+00:00,218.12833333333333
2020-07-03 00:00:00+00:00,219.3919791666667
2020-07-04 00:00:00+00:00,216.75802083333335
2020-07-05 00:00:00+00:00,220.0951041666667
2020-07-06 00:00:00+00:00,219.64770833333333
2020-07-07 00:00:00+00:00,214.10583333333332
2020-07-08 00:00:00+00:00,212.51625
2020-07-09 00:00:00+00:00,210.858125
2020-07-10 00:00:00+00:00,208.9990625
2020-07-11 00:00:00+00:00,204.92229166666667
2020-07-12 00:00:00+00:00,218.76916666666668
2020-07-13 00:00:00+00:00,223.84114583333334
2020-07-14 00:00:00+00:00,227.51333333333332
2020-07-15 00:00:00+00:00,223.76135416666668
2020-07-16 00:00:00+00:00,221.36822916666665
2020-07-17 00:00:00+00:00,218.77520833333332
2020-07-18 00:00:00+00:00,223.49166666666667
2020-07-19 00:00:00+00:00,223.24854166666668
2020-07-20 00:00:00+00:00,221.0528125
2020-07-21 00:00:00+00:00,229.5528125
2020-07-22 00:00:00+00:00,215.9615625
2020-07-23 00:00:00+00:00,215.9278125
2020-07-24 00:00:00+00:00,218.40593750000002
2020-07-25 00:00:00+00:00,219.58041666666668
2020-07-26 00:00:00+00:00,225.64666666666668
2020-07-27 00:00:00+00:00,232.82885416666667
2020-07-28 00:00:00+00:00,225.36979166666666
2020-07-29 00:00:00+00:00,223.6165625
2020-07-30 00:00:00+00:00,232.41947916666666
2020-07-31 00:00:00+00:00,221.43197916666668
2020-08-01 00:00:00+00:00,223.40635416666666
2020-08-02 00:00:00+00:00,220.33104166666666
2020-08-03 00:00:00+00:00,223.91520833333334
2020-08-04 00:00:00+00:00,216.46624999999997
2020-08-05 00:00:00+00:00,222.27593750000003
2020-08-06 00:00:00+00:00,229.961875
2020-08-07 00:00:00+00:00,227.70364583333333
2020-08-08 00:00:00+00:00,221.39520833333333
2020-08-09 00:00:00+00:00,220.63375
2020-08-10 00:00:00+00:00,219.95083333333332
2020-08-11 00:00:00+00:00,217.3340625
2020-08-12 00:00:00+00:00,216.8346875
2020-08-13 00:00:00+00:00,218.93833333333336
2020-08-14 00:00:00+00:00,226.94093750000002
2020-08-15 00:00:00+00:00,233.88375
2020-08-16 00:00:00+00:00,226.25229166666668
2020-08-17 00:00:00+00:00,224.68416666666667
2020-08-18 00:00:00+00:00,225.35125000000002
2020-08-19 00:00:00+00:00,224.55114583333332
2020-08-20 00:00:00+00:00,234.34354166666665
2020-08-21 00:00:00+00:00,224.41958333333332
2020-08-22 00:00:00+00:00,221.13979166666664
2020-08-23 00:00:00+00:00,219.84885416666668
2020-08-24 00:00:00+00:00,219.79447916666666
2020-08-25 00:00:00+00:00,223.12260416666666
2020-08-26 00:00:00+00:00,234.63677083333334
2020-08-27 00:00:00+00:00,224.53093750000002
2020-08-28 00:00:00+00:00,221.69583333333333
2020-08-29 00:00:00+00:00,216.70333333333335
2020-08-30 00:00:00+00:00,230.30802083333333
2020-08-31 00:00:00+00:00,234.67447916666666
2020-09-01 00:00:00+00:00,218.78729166666668
2020-09-02 00:00:00+00:00,212.55499999999998
2020-09-03 00:00:00+00:00,219.1775
2020-09-04 00:00:00+00:00,220.08020833333333
2020-09-05 00:00:00+00:00,249.74447916666668
2020-09-06 00:00:00+00:00,235.58375
2020-09-07 00:00:00+00:00,228.42437500000003
2020-09-08 00:00:00+00:00,218.87614583333334
2020-09-09 00:00:00+00:00,215.95020833333334
2020-09-10 00:00:00+00:00,211.17510416666667
2020-09-11 00:00:00+00:00,219.87416666666664
2020-09-12 00:00:00+00:00,230.53593750000002
2020-09-13 00:00:00+00:00,222.0028125
2020-09-14 00:00:00+00:00,227.78395833333332
2020-09-15 00:00:00+00:00,245.675625
2020-09-16 00:00:00+00:00,229.2634375
2020-09-17 00:00:00+00:00,219.32572916666666
2020-09-18 00:00:00+00:00,226.27135416666667
2020-09-19 00:00:00+00:00,275.935625
2020-09-20 00:00:00+00:00,310.575625
2020-09-21 00:00:00+00:00,267.2503125
2020-09-22 00:00:00+00:00,264.94875
2020-09-23 00:00:00+00:00,249.21562500000002
2020-09-24 00:00:00+00:00,233.47583333333333
2020-09-25 00:00:00+00:00,215.3921875
2020-09-26 00:00:00+00:00,215.18458333333334
2020-09-27 00:00:00+00:00,214.96572916666665
2020-09-28 00:00:00+00:00,214.44802083333332
2020-09-29 00:00:00+00:00,217.90645833333335
2020-09-30 00:00:00+00:00,223.77093749999997
2020-10-01 00:00:00+00:00,230.2278125
2020-10-02 00:00:00+00:00,232.07239583333333
2020-10-03 00:00:00+00:00,237.51291666666668
2020-10-04 00:00:00+00:00,237.27666666666667
2020-10-05 00:00:00+00:00,234.22677083333335
2020-10-06 00:00:00+00:00,227.46437500000002
2020-10-07 00:00:00+00:00,228.7509375
2020-10-08 00:00:00+00:00,244.2928125
2020-10-09 00:00:00+00:00,239.11468749999997
2020-10-10 00:00:00+00:00,227.90958333333333
2020-10-11 00:00:00+00:00,221.87322916666668
2020-10-12 00:00:00+00:00,221.46624999999997
2020-10-13 00:00:00+00:00,103.29364583333334
2020-10-14 00:00:00+00:00,178.68677083333333
2020-10-15 00:00:00+00:00,206.54625
2020-10-16 00:00:00+00:00,194.02260416666664
2020-10-17 00:00:00+00:00,218.20125
2020-10-18 00:00:00+00:00,214.41093750000002
2020-10-19 00:00:00+00:00,208.45208333333335
2020-10-20 00:00:00+00:00,191.1628125
2020-10-21 00:00:00+00:00,192.7175
2020-10-22 00:00:00+00:00,185.0696875
2020-10-23 00:00:00+00:00,194.95041666666668
2020-10-24 00:00:00+00:00,206.99197916666665
2020-10-25 00:00:00+00:00,224.71875
2020-10-26 00:00:00+00:00,201.53302083333335
2020-10-27 00:00:00+00:00,147.11739583333335
2020-10-28 00:00:00+00:00,167.0903125
2020-10-29 00:00:00+00:00,185.801875
2020-10-30 00:00:00+00:00,200.4701041666667
2020-10-31 00:00:00+00:00,206.5725
2020-11-01 00:00:00+00:00,208.2417391304348
2020-11-02 00:00:00+00:00,231.244375
2020-11-03 00:00:00+00:00,230.06677083333332
2020-11-04 00:00:00+00:00,215.45864583333332
2020-11-05 00:00:00+00:00,205.27687500000002
2020-11-06 00:00:00+00:00,207.32208333333335
2020-11-07 00:00:00+00:00,218.19802083333332
2020-11-08 00:00:00+00:00,221.1575
2020-11-09 00:00:00+00:00,202.80385416666664
2020-11-10 00:00:00+00:00,197.96124999999998
2020-11-11 00:00:00+00:00,195.33479166666666
2020-11-12 00:00:00+00:00,194.19354166666668
2020-11-13 00:00:00+00:00,203.17020833333333
2020-11-14 00:00:00+00:00,216.85885416666667
2020-11-15 00:00:00+00:00,221.12197916666665
2020-11-16 00:00:00+00:00,233.99229166666666
2020-11-17 00:00:00+00:00,229.75552083333332
2020-11-18 00:00:00+00:00,247.95270833333333
2020-11-19 00:00:00+00:00,237.76645833333336
2020-11-20 00:00:00+00:00,225.06677083333332
2020-11-21 00:00:00+00:00,227.84979166666668
2020-11-22 00:00:00+00:00,222.74322916666665
2020-11-23 00:00:00+00:00,210.04010416666665
2020-11-24 00:00:00+00:00,227.59031249999998
2020-11-25 00:00:00+00:00,221.19375
2020-11-26 00:00:00+00:00,209.2021875
2020-11-27 00:00:00+00:00,212.8942708333333
2020-11-28 00:00:00+00:00,223.24052083333333
2020-11-29 00:00:00+00:00,230.3194791666667
2020-11-30 00:00:00+00:00,215.2196875
2020-12-01 00:00:00+00:00,208.3505
