timestamp,co2_inside,co2_outside,heat_pump_zone_temp
2017-12-01 00:00:00+00:00,670.8990789473685,12.006052631578948,72.17065789473685
2017-12-02 00:00:00+00:00,756.156875,11.25875,71.48635416666666
2017-12-03 00:00:00+00:00,780.5028125,10.991979166666667,71.99427083333333
2017-12-04 00:00:00+00:00,746.925625,11.023333333333333,72.16197916666667
2017-12-05 00:00:00+00:00,653.696875,11.5928125,73.3165625
2017-12-06 00:00:00+00:00,681.1346875,12.487291666666666,72.6965625
2017-12-07 00:00:00+00:00,664.2447916666666,11.985625,72.34739583333334
2017-12-08 00:00:00+00:00,678.0033333333333,11.107083333333334,71.21989583333333
2017-12-09 00:00:00+00:00,685.3684374999999,11.061770833333334,71.55312500000001
2017-12-10 00:00:00+00:00,679.19875,11.477604166666666,70.57614583333333
2017-12-11 00:00:00+00:00,650.040625,11.133958333333334,70.20468749999999
2017-12-12 00:00:00+00:00,668.4726041666667,11.061145833333335,71.26947916666667
2017-12-13 00:00:00+00:00,642.6467708333333,16.019895833333333,68.4375
2017-12-14 00:00:00+00:00,659.3513541666667,11.347395833333332,69.33208333333333
2017-12-15 00:00:00+00:00,710.331875,10.856979166666667,67.48739583333334
2017-12-16 00:00:00+00:00,706.6870833333334,11.089166666666666,69.04843749999999
2017-12-17 00:00:00+00:00,718.0823958333334,11.384270833333334,69.871875
2017-12-18 00:00:00+00:00,740.5702083333334,10.985520833333334,69.60572916666666
2017-12-19 00:00:00+00:00,668.3042708333334,11.215000000000002,68.995625
2017-12-20 00:00:00+00:00,709.0138541666666,12.126249999999999,67.2259375
2017-12-21 00:00:00+00:00,711.1036458333333,11.331874999999998,62.5275
2017-12-22 00:00:00+00:00,771.1446875,11.026145833333333,62.34916666666666
2017-12-23 00:00:00+00:00,775.1390625,10.978125,63.381875
2017-12-24 00:00:00+00:00,690.9003125,12.0071875,62.143437500000005
2017-12-25 00:00:00+00:00,603.8056250000001,18.7553125,61.309583333333336
2017-12-26 00:00:00+00:00,609.5216666666666,17.060208333333332,61.583124999999995
2017-12-27 00:00:00+00:00,714.3887500000001,11.3353125,61.62229166666666
2017-12-28 00:00:00+00:00,693.0686458333333,12.224479166666667,61.673541666666665
2017-12-29 00:00:00+00:00,717.0982291666666,11.506666666666668,61.756458333333335
2017-12-30 00:00:00+00:00,698.3488541666667,10.7915625,61.65875
2017-12-31 00:00:00+00:00,639.6183333333333,12.862604166666666,61.76927083333334
2018-01-01 00:00:00+00:00,616.7721875,12.372916666666667,61.80260416666667
2018-01-02 00:00:00+00:00,662.7451041666667,11.275416666666667,61.81854166666667
2018-01-03 00:00:00+00:00,732.0722916666667,10.715000000000002,61.7146875
2018-01-04 00:00:00+00:00,667.2902083333333,12.267916666666666,61.66197916666667
2018-01-05 00:00:00+00:00,612.303125,15.671145833333334,61.899791666666665
2018-01-06 00:00:00+00:00,625.5233333333334,16.213125,62.005625
2018-01-07 00:00:00+00:00,658.64875,11.525520833333333,61.70947916666666
2018-01-08 00:00:00+00:00,723.3711458333333,10.784374999999999,61.60208333333333
2018-01-09 00:00:00+00:00,804.8815625000001,11.168750000000001,61.46791666666667
2018-01-10 00:00:00+00:00,825.5380208333332,10.7396875,61.66468750000001
2018-01-11 00:00:00+00:00,881.9669791666666,10.926354166666668,62.598125
2018-01-12 00:00:00+00:00,803.1341666666667,11.211979166666666,67.86510416666667
2018-01-13 00:00:00+00:00,772.8039583333334,12.074375000000002,65.92177083333333
2018-01-14 00:00:00+00:00,724.0735416666666,14.0621875,61.78114583333333
2018-01-15 00:00:00+00:00,726.4010416666666,10.975729166666667,63.8559375
2018-01-16 00:00:00+00:00,834.7272916666667,10.961354166666666,70.85375
2018-01-17 00:00:00+00:00,834.1178125,10.9228125,68.88802083333333
2018-01-18 00:00:00+00:00,768.0636458333333,11.099791666666667,67.440625
2018-01-19 00:00:00+00:00,817.7638541666666,10.789166666666667,68.40260416666666
2018-01-20 00:00:00+00:00,739.0992708333333,14.59125,69.53239583333333
2018-01-21 00:00:00+00:00,739.6564583333334,12.4146875,68.54145833333332
2018-01-22 00:00:00+00:00,769.1457291666667,11.168645833333334,69.05229166666666
2018-01-23 00:00:00+00:00,772.3329166666667,11.732604166666667,71.65666666666667
2018-01-24 00:00:00+00:00,724.9702083333333,13.143958333333332,71.02760416666666
2018-01-25 00:00:00+00:00,763.4610416666666,12.976770833333333,67.73479166666667
2018-01-26 00:00:00+00:00,794.6859375,11.370937500000002,68.2071875
2018-01-27 00:00:00+00:00,768.2133333333333,11.253854166666665,69.5121875
2018-01-28 00:00:00+00:00,740.8513541666666,11.747708333333334,71.94270833333333
2018-01-29 00:00:00+00:00,670.9852083333334,11.46,68.170625
2018-01-30 00:00:00+00:00,710.4630208333333,11.487916666666665,66.47229166666666
2018-01-31 00:00:00+00:00,776.3638541666666,11.832187500000002,67.73156250000001
2018-02-01 00:00:00+00:00,783.4219791666666,11.0684375,68.76447916666667
2018-02-02 00:00:00+00:00,773.2603125,12.283854166666666,68.73270833333333
2018-02-03 00:00:00+00:00,815.7052083333333,12.838020833333333,66.5996875
2018-02-04 00:00:00+00:00,855.9379166666666,11.280625,67.54989583333334
2018-02-05 00:00:00+00:00,684.9254166666666,12.408333333333333,65.4915625
2018-02-06 00:00:00+00:00,731.2128124999999,11.06,64.90229166666667
2018-02-07 00:00:00+00:00,856.66125,11.103958333333333,67.81958333333334
2018-02-08 00:00:00+00:00,774.4509374999999,13.630104166666667,67.60760416666666
2018-02-09 00:00:00+00:00,812.4071875,11.691145833333332,67.54489583333334
2018-02-10 00:00:00+00:00,855.5053125,11.45375,69.85302083333333
2018-02-11 00:00:00+00:00,812.6700000000001,11.232604166666667,70.35166666666667
2018-02-12 00:00:00+00:00,715.9872916666667,16.519270833333334,68.32104166666666
2018-02-13 00:00:00+00:00,748.3134375,15.0753125,65.73833333333333
2018-02-14 00:00:00+00:00,804.6521875,11.4553125,68.96270833333334
2018-02-15 00:00:00+00:00,759.9401041666666,11.138125,71.33437500000001
2018-02-16 00:00:00+00:00,733.700625,12.137187500000001,72.5740625
2018-02-17 00:00:00+00:00,782.6094623655913,18.574516129032258,69.06301075268817
2018-02-18 00:00:00+00:00,782.6094623655913,18.574516129032258,69.06301075268817
2018-02-19 00:00:00+00:00,782.6094623655913,18.574516129032258,69.06301075268817
2018-02-20 00:00:00+00:00,782.6094623655913,18.574516129032258,69.06301075268817
2018-02-21 00:00:00+00:00,782.6094623655913,18.574516129032258,69.06301075268817
2018-02-22 00:00:00+00:00,782.6094623655913,18.574516129032258,69.06301075268817
2018-02-23 00:00:00+00:00,782.6094623655913,18.574516129032258,69.06301075268817
2018-02-24 00:00:00+00:00,782.6094623655913,18.574516129032258,69.06301075268817
2018-02-25 00:00:00+00:00,782.6094623655913,18.574516129032258,69.06301075268817
2018-02-26 00:00:00+00:00,782.6094623655913,18.574516129032258,69.06301075268817
2018-02-27 00:00:00+00:00,782.6094623655913,18.574516129032258,69.06301075268817
2018-02-28 00:00:00+00:00,782.6094623655913,18.574516129032258,69.06301075268817
2018-03-01 00:00:00+00:00,782.6094623655913,18.574516129032258,69.06301075268817
2018-03-02 00:00:00+00:00,782.6094623655913,18.574516129032258,69.06301075268817
2018-03-03 00:00:00+00:00,782.6094623655913,18.574516129032258,69.06301075268817
2018-03-04 00:00:00+00:00,782.6094623655913,18.574516129032258,69.06301075268817
2018-03-05 00:00:00+00:00,782.6094623655913,18.574516129032258,69.06301075268817
2018-03-06 00:00:00+00:00,749.4504545454546,18.574516129032258,69.06301075268817
2018-03-07 00:00:00+00:00,746.6317708333332,28.695396825396823,68.26839285714286
2018-03-08 00:00:00+00:00,698.8289583333334,18.907395833333332,68.20770833333333
2018-03-09 00:00:00+00:00,713.3545833333333,16.393958333333334,67.0228125
2018-03-10 00:00:00+00:00,731.4744791666667,24.327187499999997,71.0325
2018-03-11 00:00:00+00:00,748.9120833333333,23.620416666666667,70.92927083333333
2018-03-12 00:00:00+00:00,766.3492708333333,22.913541666666664,70.82604166666667
2018-03-13 00:00:00+00:00,783.7865625,22.206770833333334,70.72270833333333
2018-03-14 00:00:00+00:00,801.2240625,21.49989583333333,70.61958333333332
2018-03-15 00:00:00+00:00,818.66125,20.793125,70.51645833333333
2018-03-16 00:00:00+00:00,836.09875,20.086354166666666,70.41291666666667
2018-03-17 00:00:00+00:00,853.5359374999999,19.379479166666666,70.30979166666667
2018-03-18 00:00:00+00:00,870.9735416666667,18.6728125,70.20666666666666
2018-03-19 00:00:00+00:00,888.4108333333334,17.966041666666666,70.10322916666667
2018-03-20 00:00:00+00:00,905.848125,17.25916666666667,70.00010416666667
2018-03-21 00:00:00+00:00,923.285625,16.552291666666665,69.89697916666667
2018-03-22 00:00:00+00:00,940.7229166666666,15.845625,69.7934375
2018-03-23 00:00:00+00:00,958.1604166666666,15.13875,69.6903125
2018-03-24 00:00:00+00:00,975.5976041666667,14.431875,69.5871875
2018-03-25 00:00:00+00:00,993.0351041666667,13.725104166666666,69.48375
2018-03-26 00:00:00+00:00,1010.4725,13.0184375,69.380625
2018-03-27 00:00:00+00:00,1027.9097916666667,12.3115625,69.2775
2018-03-28 00:00:00+00:00,1002.4678125,11.604791666666666,69.1740625
2018-03-29 00:00:00+00:00,741.8330208333333,11.410520833333335,70.83739583333333
2018-03-30 00:00:00+00:00,742.698125,18.53708333333333,72.17541666666666
2018-03-31 00:00:00+00:00,728.191875,23.175833333333333,71.10666666666667
2018-04-01 00:00:00+00:00,734.5534375000001,23.63,71.00677083333333
2018-04-02 00:00:00+00:00,684.5628125,22.392083333333332,69.15395833333334
2018-04-03 00:00:00+00:00,719.1042708333333,11.352916666666667,70.32041666666667
2018-04-04 00:00:00+00:00,788.5077083333334,27.712500000000002,70.90458333333333
2018-04-05 00:00:00+00:00,686.5290624999999,66.28416666666666,70.23791666666666
2018-04-06 00:00:00+00:00,741.8562499999999,13.403958333333334,70.7603125
2018-04-07 00:00:00+00:00,696.1234375,35.17791666666667,71.84260416666667
2018-04-08 00:00:00+00:00,692.3269791666667,26.028750000000002,70.31281249999999
2018-04-09 00:00:00+00:00,689.4080208333334,18.719479166666666,66.56833333333334
2018-04-10 00:00:00+00:00,709.6076041666666,14.261354166666665,68.3703125
2018-04-11 00:00:00+00:00,720.8133333333334,14.813541666666666,69.850625
2018-04-12 00:00:00+00:00,722.7847916666666,11.2790625,71.0265625
2018-04-13 00:00:00+00:00,803.0197916666666,12.776354166666666,72.64614583333334
2018-04-14 00:00:00+00:00,837.6550000000001,20.069895833333334,72.8946875
2018-04-15 00:00:00+00:00,714.7782291666666,37.83864583333334,71.60760416666666
2018-04-16 00:00:00+00:00,673.6729166666667,25.36791666666667,70.45177083333333
2018-04-17 00:00:00+00:00,721.984375,14.8521875,71.14354166666666
2018-04-18 00:00:00+00:00,763.9816666666667,18.59875,70.28854166666666
2018-04-19 00:00:00+00:00,744.8355208333334,13.669270833333334,70.43781249999999
2018-04-20 00:00:00+00:00,737.0869791666668,28.275208333333335,68.64218749999999
2018-04-21 00:00:00+00:00,714.5794791666667,28.30395833333333,69.40729166666667
2018-04-22 00:00:00+00:00,696.3080208333334,24.0709375,70.77479166666667
2018-04-23 00:00:00+00:00,701.7880208333332,11.775104166666667,70.8153125
2018-04-24 00:00:00+00:00,711.3911458333333,13.0159375,71.65885416666667
2018-04-25 00:00:00+00:00,789.324375,11.914479166666666,72.5175
2018-04-26 00:00:00+00:00,745.2302083333334,36.12614583333333,72.7128125
2018-04-27 00:00:00+00:00,721.3458333333333,14.534583333333332,72.72739583333333
2018-04-28 00:00:00+00:00,759.8060416666667,14.271666666666667,72.21666666666667
2018-04-29 00:00:00+00:00,786.6813541666667,38.36354166666667,72.29708333333333
2018-04-30 00:00:00+00:00,692.2085416666667,39.87510416666667,70.05624999999999
2018-05-01 00:00:00+00:00,703.3529166666667,30.696875000000002,71.3796875
2018-05-02 00:00:00+00:00,1199.1869791666666,14.683645833333335,72.60802083333333
2018-05-03 00:00:00+00:00,1328.0972916666667,12.726354166666667,73.44770833333332
2018-05-04 00:00:00+00:00,1339.6819791666667,11.992708333333333,74.05677083333333
2018-05-05 00:00:00+00:00,1143.2261458333335,25.2309375,73.04239583333333
2018-05-06 00:00:00+00:00,815.3427083333332,26.306250000000002,73.85520833333334
2018-05-07 00:00:00+00:00,720.6794791666666,31.646666666666665,73.85208333333334
2018-05-08 00:00:00+00:00,706.0185416666667,14.727604166666666,72.95708333333333
2018-05-09 00:00:00+00:00,830.3515625,12.218958333333333,73.26135416666666
2018-05-10 00:00:00+00:00,787.794375,12.098125000000001,73.38083333333334
2018-05-11 00:00:00+00:00,775.7513541666667,30.56458333333333,73.3934375
2018-05-12 00:00:00+00:00,783.4251041666666,22.721249999999998,72.9903125
2018-05-13 00:00:00+00:00,752.0605208333333,13.836354166666666,72.75177083333334
2018-05-14 00:00:00+00:00,741.7668749999999,12.132708333333333,72.316875
2018-05-15 00:00:00+00:00,864.1653124999999,12.436770833333334,72.5825
2018-05-16 00:00:00+00:00,801.1347916666667,13.233541666666667,72.84333333333333
2018-05-17 00:00:00+00:00,819.6919791666666,12.0765625,72.55145833333333
2018-05-18 00:00:00+00:00,1203.4770833333334,16.779166666666665,73.33916666666667
2018-05-19 00:00:00+00:00,818.6366666666667,12.871354166666668,72.0421875
2018-05-20 00:00:00+00:00,1106.173125,12.078541666666666,73.01666666666667
2018-05-21 00:00:00+00:00,884.7983333333333,17.21,73.625
2018-05-22 00:00:00+00:00,767.6254166666666,12.223958333333334,73.00833333333334
2018-05-23 00:00:00+00:00,989.8989583333333,12.128541666666665,72.55114583333334
2018-05-24 00:00:00+00:00,1207.0528125,15.557812499999999,73.3975
2018-05-25 00:00:00+00:00,1072.1030208333334,12.938541666666666,74.00833333333334
2018-05-26 00:00:00+00:00,1469.8863541666667,12.211875,73.86302083333334
2018-05-27 00:00:00+00:00,1234.7764583333333,22.14375,74.12989583333334
2018-05-28 00:00:00+00:00,707.9833333333332,12.436458333333334,73.34614583333334
2018-05-29 00:00:00+00:00,855.4932291666668,12.303645833333334,73.6821875
2018-05-30 00:00:00+00:00,1425.1136458333333,11.855937500000001,73.32458333333334
2018-05-31 00:00:00+00:00,1069.8169791666667,11.9090625,73.72135416666667
2018-06-01 00:00:00+00:00,1169.2888541666666,11.924999999999999,74.09260416666667
2018-06-02 00:00:00+00:00,1428.6204166666666,15.306666666666667,73.26385416666666
2018-06-03 00:00:00+00:00,1128.4014583333333,12.280000000000001,72.57843749999999
2018-06-04 00:00:00+00:00,676.6850000000001,13.337708333333333,72.45468749999999
2018-06-05 00:00:00+00:00,721.1402083333334,21.149375,73.31708333333334
2018-06-06 00:00:00+00:00,757.6010416666667,13.916770833333333,72.5025
2018-06-07 00:00:00+00:00,757.851875,12.0646875,72.90572916666666
2018-06-08 00:00:00+00:00,826.8226041666667,11.838645833333333,73.12958333333333
2018-06-09 00:00:00+00:00,1430.30375,16.822187500000002,72.7678125
2018-06-10 00:00:00+00:00,937.4394791666667,12.826041666666667,73.11864583333333
2018-06-11 00:00:00+00:00,714.8672916666666,16.171354166666667,74.01291666666667
2018-06-12 00:00:00+00:00,717.2713541666667,12.257916666666667,74.12541666666667
2018-06-13 00:00:00+00:00,880.1432291666666,11.98375,74.13625
2018-06-14 00:00:00+00:00,903.1345833333334,19.632916666666667,74.1940625
2018-06-15 00:00:00+00:00,817.1444791666667,15.532083333333333,74.06541666666666
2018-06-16 00:00:00+00:00,927.3870833333334,13.076875,72.84895833333333
2018-06-17 00:00:00+00:00,1086.2947916666667,14.738020833333332,73.09354166666667
2018-06-18 00:00:00+00:00,931.2957291666667,12.381979166666667,72.4890625
2018-06-19 00:00:00+00:00,807.72625,13.741666666666667,72.91250000000001
2018-06-20 00:00:00+00:00,814.3230208333333,13.201458333333333,72.97260416666667
2018-06-21 00:00:00+00:00,796.8795833333334,23.75854166666667,72.73729166666666
2018-06-22 00:00:00+00:00,781.7636458333333,13.003958333333335,72.77385416666667
2018-06-23 00:00:00+00:00,694.2178125,16.1225,74.1453125
2018-06-24 00:00:00+00:00,726.2298958333332,12.249791666666667,75.376875
2018-06-25 00:00:00+00:00,728.1608333333334,15.365208333333333,73.64791666666666
2018-06-26 00:00:00+00:00,780.8919791666667,12.860520833333332,75.18906249999999
2018-06-27 00:00:00+00:00,782.7396875,12.248854166666668,75.84020833333334
2018-06-28 00:00:00+00:00,770.3910416666666,12.7640625,73.95364583333334
2018-06-29 00:00:00+00:00,774.4301041666666,15.378020833333332,73.4446875
2018-06-30 00:00:00+00:00,835.2994791666666,14.136249999999999,75.89989583333333
2018-07-01 00:00:00+00:00,875.2241666666667,17.99020833333333,77.45083333333334
2018-07-02 00:00:00+00:00,803.6742708333333,13.724791666666667,75.19666666666667
2018-07-03 00:00:00+00:00,801.2280208333333,13.171770833333333,77.32656250000001
2018-07-04 00:00:00+00:00,772.8790625,12.632604166666667,78.91510416666667
2018-07-05 00:00:00+00:00,758.3004166666666,12.40375,76.52416666666666
2018-07-06 00:00:00+00:00,763.0310416666666,12.581041666666666,74.8859375
2018-07-07 00:00:00+00:00,683.3513541666666,19.461770833333333,75.72114583333334
2018-07-08 00:00:00+00:00,727.1940625000001,14.7509375,76.58177083333334
2018-07-09 00:00:00+00:00,797.2169791666666,13.068958333333333,74.38479166666667
2018-07-10 00:00:00+00:00,864.5091666666667,17.447395833333335,74.185625
2018-07-11 00:00:00+00:00,844.05625,18.536979166666665,74.0396875
2018-07-12 00:00:00+00:00,800.9355208333333,14.075625,75.34395833333333
2018-07-13 00:00:00+00:00,821.2265625,12.357916666666666,76.89666666666666
2018-07-14 00:00:00+00:00,772.5878125,13.439583333333333,77.44812499999999
2018-07-15 00:00:00+00:00,766.2379166666666,14.675104166666666,77.80666666666666
2018-07-16 00:00:00+00:00,952.6825,12.977812499999999,75.24604166666667
2018-07-17 00:00:00+00:00,908.7113541666666,14.032083333333333,74.52645833333334
2018-07-18 00:00:00+00:00,761.8616666666667,13.497083333333334,77.26593749999999
2018-07-19 00:00:00+00:00,758.2653125,15.675104166666666,75.43395833333334
2018-07-20 00:00:00+00:00,821.8271875,12.738437500000002,75.03145833333333
2018-07-21 00:00:00+00:00,765.7009374999999,14.433958333333335,74.7434375
2018-07-22 00:00:00+00:00,750.9082291666667,12.801666666666668,74.8646875
2018-07-23 00:00:00+00:00,784.6104166666668,12.211666666666666,75.23020833333334
2018-07-24 00:00:00+00:00,849.1951041666666,12.241666666666667,75.2325
2018-07-25 00:00:00+00:00,974.611875,12.245937499999998,74.29114583333333
2018-07-26 00:00:00+00:00,870.1002083333333,12.6415625,76.79354166666667
2018-07-27 00:00:00+00:00,985.0286458333334,12.303229166666666,74.86770833333334
2018-07-28 00:00:00+00:00,1115.2405208333332,20.6634375,74.17197916666667
2018-07-29 00:00:00+00:00,881.7754166666667,14.145312500000001,73.77479166666667
2018-07-30 00:00:00+00:00,819.6022916666667,12.344479166666666,73.7440625
2018-07-31 00:00:00+00:00,811.2303125,13.377916666666666,73.6296875
2018-08-01 00:00:00+00:00,906.4164583333333,12.200208333333334,73.84708333333333
2018-08-02 00:00:00+00:00,896.7383333333333,12.127604166666666,76.47239583333334
2018-08-03 00:00:00+00:00,1155.5228125,12.040208333333332,75.00916666666667
2018-08-04 00:00:00+00:00,968.8470833333334,12.5371875,74.30479166666667
2018-08-05 00:00:00+00:00,901.9134375,13.598541666666668,74.16906250000001
2018-08-06 00:00:00+00:00,886.000625,12.725104166666666,76.68302083333333
2018-08-07 00:00:00+00:00,1097.3596875,12.852291666666666,75.05177083333334
2018-08-08 00:00:00+00:00,874.8284375,12.622395833333334,74.36385416666667
2018-08-09 00:00:00+00:00,863.4272916666667,15.348541666666668,74.43781249999999
2018-08-10 00:00:00+00:00,849.1872916666666,13.721041666666666,74.10197916666667
2018-08-11 00:00:00+00:00,899.2229166666666,15.019687500000002,76.87791666666666
2018-08-12 00:00:00+00:00,887.6348958333333,22.6271875,77.94177083333334
2018-08-13 00:00:00+00:00,802.0394791666666,14.2728125,75.48010416666666
2018-08-14 00:00:00+00:00,875.6710416666666,12.6146875,75.211875
2018-08-15 00:00:00+00:00,870.4254166666666,12.841041666666667,73.77895833333334
2018-08-16 00:00:00+00:00,854.345625,14.560520833333333,74.82583333333334
2018-08-17 00:00:00+00:00,852.8017708333333,12.404583333333333,75.9340625
2018-08-18 00:00:00+00:00,888.3164583333333,14.469270833333333,77.3553125
2018-08-19 00:00:00+00:00,814.206875,12.7240625,77.4009375
2018-08-20 00:00:00+00:00,761.9619791666668,12.410416666666668,76.67052083333333
2018-08-21 00:00:00+00:00,799.5404166666667,11.775520833333333,76.5815625
2018-08-22 00:00:00+00:00,866.9334375,13.345520833333333,77.4734375
2018-08-23 00:00:00+00:00,791.5422916666666,17.274895833333336,75.94239583333334
2018-08-24 00:00:00+00:00,839.2021875,11.652083333333332,75.9890625
2018-08-25 00:00:00+00:00,903.5492708333333,12.540520833333332,76.35614583333334
2018-08-26 00:00:00+00:00,908.1920833333334,12.548854166666667,77.05229166666668
2018-08-27 00:00:00+00:00,866.7655208333334,12.441249999999998,77.26208333333334
2018-08-28 00:00:00+00:00,887.8569791666667,11.983541666666667,77.29010416666667
2018-08-29 00:00:00+00:00,914.9289583333334,12.467395833333333,78.44041666666666
2018-08-30 00:00:00+00:00,862.43,14.578020833333333,77.86958333333334
2018-08-31 00:00:00+00:00,825.5376041666667,12.239895833333334,77.58520833333334
2018-09-01 00:00:00+00:00,897.9006250000001,12.283125,77.07104166666666
2018-09-02 00:00:00+00:00,937.4411458333334,12.033958333333333,77.03760416666667
2018-09-03 00:00:00+00:00,877.2643750000001,12.168125000000002,77.98270833333333
2018-09-04 00:00:00+00:00,995.1934375,21.341145833333332,77.806875
2018-09-05 00:00:00+00:00,1064.9635416666667,12.177708333333333,78.516875
2018-09-06 00:00:00+00:00,1168.2482291666668,12.577916666666667,78.70895833333333
2018-09-07 00:00:00+00:00,905.2601041666667,12.716875,76.16739583333333
2018-09-08 00:00:00+00:00,809.1308333333333,13.491666666666667,74.86354166666666
2018-09-09 00:00:00+00:00,799.8435416666666,12.216458333333334,73.73791666666666
2018-09-10 00:00:00+00:00,902.6873958333334,11.9871875,73.18020833333334
2018-09-11 00:00:00+00:00,990.5105208333333,12.041458333333333,73.68447916666666
2018-09-12 00:00:00+00:00,1063.5873958333334,11.7634375,74.10895833333333
2018-09-13 00:00:00+00:00,1004.3156250000001,12.053020833333333,74.5728125
2018-09-14 00:00:00+00:00,972.1479166666667,12.311458333333334,74.5503125
2018-09-15 00:00:00+00:00,1047.5638541666667,12.6021875,74.5290625
2018-09-16 00:00:00+00:00,1112.3440625,11.808645833333335,75.77885416666668
2018-09-17 00:00:00+00:00,1037.0451041666668,11.854166666666666,74.97979166666666
2018-09-18 00:00:00+00:00,1028.8509375,12.238958333333334,75.31364583333333
2018-09-19 00:00:00+00:00,886.8972916666667,13.664270833333333,75.0253125
2018-09-20 00:00:00+00:00,983.8540625,12.014270833333333,74.85104166666666
2018-09-21 00:00:00+00:00,984.2547916666667,11.846666666666666,74.41708333333334
2018-09-22 00:00:00+00:00,1099.4922916666667,12.721145833333333,74.6990625
2018-09-23 00:00:00+00:00,976.1061458333334,12.357604166666667,73.7153125
2018-09-24 00:00:00+00:00,790.5128125,12.241666666666667,73.14822916666667
2018-09-25 00:00:00+00:00,796.9077083333333,12.175520833333332,73.3621875
2018-09-26 00:00:00+00:00,1002.495,11.506562500000001,74.18197916666666
2018-09-27 00:00:00+00:00,947.2188541666666,14.153854166666667,73.31093750000001
2018-09-28 00:00:00+00:00,968.2910416666667,11.972812500000002,73.49374999999999
2018-09-29 00:00:00+00:00,854.7385416666666,13.663958333333333,73.36541666666666
2018-09-30 00:00:00+00:00,817.3910416666666,13.957812500000001,72.91583333333334
2018-10-01 00:00:00+00:00,891.8115625,11.574062499999998,73.44583333333334
2018-10-02 00:00:00+00:00,1101.7044791666667,11.683854166666668,74.70145833333333
2018-10-03 00:00:00+00:00,966.8311458333333,12.361458333333333,74.62010416666666
2018-10-04 00:00:00+00:00,974.7545833333334,11.611354166666667,74.37052083333333
2018-10-05 00:00:00+00:00,906.2515625,12.528541666666667,74.25677083333333
2018-10-06 00:00:00+00:00,959.5954166666667,11.723645833333334,74.12989583333334
2018-10-07 00:00:00+00:00,1048.0166666666667,11.712916666666667,75.01864583333334
2018-10-08 00:00:00+00:00,866.9426041666667,11.834166666666667,74.67583333333333
2018-10-09 00:00:00+00:00,869.9485416666666,11.7640625,74.72687499999999
2018-10-10 00:00:00+00:00,1009.6059375,11.707812500000001,74.08385416666667
2018-10-11 00:00:00+00:00,962.5451041666666,11.7346875,75.27083333333333
2018-10-12 00:00:00+00:00,902.6347916666667,13.26375,74.29364583333333
2018-10-13 00:00:00+00:00,784.1208333333334,13.582187500000002,73.0096875
2018-10-14 00:00:00+00:00,806.3159375,13.968541666666667,73.47322916666667
2018-10-15 00:00:00+00:00,789.3488541666667,11.689166666666667,72.84510416666667
2018-10-16 00:00:00+00:00,784.0736458333334,12.2740625,72.17687500000001
2018-10-17 00:00:00+00:00,808.8391666666666,13.615833333333335,73.0790625
2018-10-18 00:00:00+00:00,793.3148958333333,14.125520833333333,69.85906250000001
2018-10-19 00:00:00+00:00,834.4128125000001,11.020416666666668,71.63604166666667
2018-10-20 00:00:00+00:00,799.401875,12.689270833333333,73.2675
2018-10-21 00:00:00+00:00,838.4388541666667,12.831562499999999,69.7415625
2018-10-22 00:00:00+00:00,830.5502083333334,11.009270833333334,67.6790625
2018-10-23 00:00:00+00:00,802.0485416666667,11.190833333333332,72.14489583333334
2018-10-24 00:00:00+00:00,817.5516666666667,11.708958333333333,73.00291666666666
2018-10-25 00:00:00+00:00,859.4815625,11.418645833333334,70.44239583333334
2018-10-26 00:00:00+00:00,844.3592708333334,11.292187499999999,70.620625
2018-10-27 00:00:00+00:00,884.63125,13.539479166666666,72.25510416666667
2018-10-28 00:00:00+00:00,839.5365625,11.27125,69.09229166666667
2018-10-29 00:00:00+00:00,813.0343750000001,11.695520833333333,70.96593750000001
2018-10-30 00:00:00+00:00,835.1009375,12.144895833333335,69.26072916666666
2018-10-31 00:00:00+00:00,840.3757291666667,11.532604166666667,72.76072916666666
2018-11-01 00:00:00+00:00,843.9176041666666,11.513854166666667,72.91260416666667
2018-11-02 00:00:00+00:00,923.7994791666666,11.892395833333333,73.33572916666667
2018-11-03 00:00:00+00:00,851.6691666666667,21.741041666666664,73.82072916666667
2018-11-04 00:00:00+00:00,808.0198913043479,12.07467391304348,70.61228260869565
2018-11-05 00:00:00+00:00,835.62875,11.55625,71.2078125
2018-11-06 00:00:00+00:00,818.13125,11.4859375,74.37041666666667
2018-11-07 00:00:00+00:00,822.8061458333333,11.890520833333333,73.31020833333334
2018-11-08 00:00:00+00:00,837.5603124999999,12.163541666666667,72.17708333333333
2018-11-09 00:00:00+00:00,826.7022916666666,11.509479166666667,72.166875
2018-11-10 00:00:00+00:00,801.36,16.865416666666665,71.62604166666667
2018-11-11 00:00:00+00:00,857.2538541666667,12.470625,66.46947916666666
2018-11-12 00:00:00+00:00,932.3734375,11.0025,66.35833333333333
2018-11-13 00:00:00+00:00,894.8185416666666,11.243333333333334,70.00385416666667
2018-11-14 00:00:00+00:00,925.4813541666667,14.748854166666668,71.0846875
2018-11-15 00:00:00+00:00,952.1409375,12.401979166666665,68.00635416666667
2018-11-16 00:00:00+00:00,893.1121875,13.3509375,68.18895833333333
2018-11-17 00:00:00+00:00,922.60875,11.3509375,69.7225
2018-11-18 00:00:00+00:00,904.1547916666667,11.614062500000001,65.4621875
2018-11-19 00:00:00+00:00,929.1747916666667,10.98625,66.32770833333333
2018-11-20 00:00:00+00:00,962.7735416666666,11.101354166666667,69.11614583333333
2018-11-21 00:00:00+00:00,991.5878125,11.193854166666666,67.62395833333333
2018-11-22 00:00:00+00:00,774.3660416666667,13.564166666666667,61.70302083333333
2018-11-23 00:00:00+00:00,851.8040625,10.929583333333333,61.56927083333333
2018-11-24 00:00:00+00:00,1140.918125,10.285729166666668,65.52552083333333
2018-11-25 00:00:00+00:00,969.1826041666667,14.343020833333334,69.62885416666667
2018-11-26 00:00:00+00:00,904.1321875,11.13875,69.35270833333333
2018-11-27 00:00:00+00:00,828.5829166666667,11.820833333333333,67.6309375
2018-11-28 00:00:00+00:00,932.2916666666666,11.4703125,66.31739583333334
2018-11-29 00:00:00+00:00,926.7287500000001,12.090520833333334,66.69260416666667
2018-11-30 00:00:00+00:00,950.2781249999999,11.031458333333333,68.4715625
2018-12-01 00:00:00+00:00,1184.238,10.9885,74.08200000000001
2018-12-02 00:00:00+00:00,1184.238,10.9885,74.08200000000001
2018-12-03 00:00:00+00:00,1184.238,10.9885,74.08200000000001
2018-12-04 00:00:00+00:00,1184.238,10.9885,74.08200000000001
2018-12-05 00:00:00+00:00,1184.238,10.9885,74.08200000000001
2018-12-06 00:00:00+00:00,1184.238,10.9885,74.08200000000001
2018-12-07 00:00:00+00:00,1184.238,10.9885,74.08200000000001
2018-12-08 00:00:00+00:00,1184.238,10.9885,74.08200000000001
2018-12-09 00:00:00+00:00,1184.238,10.9885,74.08200000000001
2018-12-10 00:00:00+00:00,1184.238,10.9885,74.08200000000001
2018-12-11 00:00:00+00:00,1184.238,10.9885,74.08200000000001
2018-12-12 00:00:00+00:00,1184.238,10.9885,74.08200000000001
2018-12-13 00:00:00+00:00,1184.238,10.9885,74.08200000000001
2018-12-14 00:00:00+00:00,1184.238,10.9885,74.08200000000001
2018-12-15 00:00:00+00:00,1184.238,10.9885,74.08200000000001
2018-12-16 00:00:00+00:00,1184.238,10.9885,74.08200000000001
2018-12-17 00:00:00+00:00,1184.238,10.9885,74.08200000000001
2018-12-18 00:00:00+00:00,1184.238,10.9885,74.08200000000001
2018-12-19 00:00:00+00:00,1184.238,10.9885,74.08200000000001
2018-12-20 00:00:00+00:00,1184.238,10.9885,74.08200000000001
2018-12-21 00:00:00+00:00,1184.238,10.9885,74.08200000000001
2018-12-22 00:00:00+00:00,1184.238,10.9885,74.08200000000001
2018-12-23 00:00:00+00:00,1184.238,10.9885,74.08200000000001
2018-12-24 00:00:00+00:00,1184.238,10.9885,74.08200000000001
2018-12-25 00:00:00+00:00,1184.238,10.9885,74.08200000000001
2018-12-26 00:00:00+00:00,1184.238,10.9885,74.08200000000001
2018-12-27 00:00:00+00:00,1184.238,10.9885,74.08200000000001
2018-12-28 00:00:00+00:00,1184.238,10.9885,74.08200000000001
2018-12-29 00:00:00+00:00,1184.238,10.9885,74.08200000000001
2018-12-30 00:00:00+00:00,1184.238,10.9885,74.08200000000001
2018-12-31 00:00:00+00:00,1184.238,10.9885,74.08200000000001
2019-01-01 00:00:00+00:00,1184.238,10.9885,74.08200000000001
2019-01-02 00:00:00+00:00,1184.238,10.9885,74.08200000000001
2019-01-03 00:00:00+00:00,1184.238,10.9885,74.08200000000001
2019-01-04 00:00:00+00:00,1184.238,10.9885,74.08200000000001
2019-01-05 00:00:00+00:00,1184.238,10.9885,74.08200000000001
2019-01-06 00:00:00+00:00,1184.238,10.9885,74.08200000000001
2019-01-07 00:00:00+00:00,1184.238,10.9885,74.08200000000001
2019-01-08 00:00:00+00:00,1184.238,10.9885,74.08200000000001
2019-01-09 00:00:00+00:00,1184.238,10.9885,74.08200000000001
2019-01-10 00:00:00+00:00,1184.238,10.9885,74.08200000000001
2019-01-11 00:00:00+00:00,1184.238,10.9885,74.08200000000001
2019-01-12 00:00:00+00:00,1184.238,10.9885,74.08200000000001
2019-01-13 00:00:00+00:00,1184.238,10.9885,74.08200000000001
2019-01-14 00:00:00+00:00,1184.238,10.9885,74.08200000000001
2019-01-15 00:00:00+00:00,1184.238,10.9885,74.08200000000001
2019-01-16 00:00:00+00:00,1184.238,10.9885,74.08200000000001
2019-01-17 00:00:00+00:00,1184.238,10.9885,74.08200000000001
2019-01-18 00:00:00+00:00,1184.238,10.9885,74.08200000000001
2019-01-19 00:00:00+00:00,1184.238,10.9885,74.08200000000001
2019-01-20 00:00:00+00:00,1184.238,10.9885,74.08200000000001
2019-01-21 00:00:00+00:00,1184.238,10.9885,74.08200000000001
2019-01-22 00:00:00+00:00,1184.238,10.9885,74.08200000000001
2019-01-23 00:00:00+00:00,1184.238,10.9885,74.08200000000001
2019-01-24 00:00:00+00:00,1184.238,10.9885,74.08200000000001
2019-01-25 00:00:00+00:00,1184.238,10.9885,74.08200000000001
2019-01-26 00:00:00+00:00,1184.238,10.9885,74.08200000000001
2019-01-27 00:00:00+00:00,1184.238,10.9885,74.08200000000001
2019-01-28 00:00:00+00:00,1184.238,10.9885,74.08200000000001
2019-01-29 00:00:00+00:00,1184.238,10.9885,74.08200000000001
2019-01-30 00:00:00+00:00,1184.238,10.9885,74.08200000000001
2019-01-31 00:00:00+00:00,1184.238,10.9885,74.08200000000001
2019-02-01 00:00:00+00:00,1184.238,10.9885,74.08200000000001
2019-02-02 00:00:00+00:00,1184.238,10.9885,74.08200000000001
2019-02-03 00:00:00+00:00,1184.238,10.9885,74.08200000000001
2019-02-04 00:00:00+00:00,1184.238,10.9885,74.08200000000001
2019-02-05 00:00:00+00:00,1184.238,10.9885,74.08200000000001
2019-02-06 00:00:00+00:00,1184.238,10.9885,74.08200000000001
2019-02-07 00:00:00+00:00,1184.238,10.9885,74.08200000000001
2019-02-08 00:00:00+00:00,1184.238,10.9885,74.08200000000001
2019-02-09 00:00:00+00:00,1184.238,10.9885,74.08200000000001
2019-02-10 00:00:00+00:00,1184.238,10.9885,74.08200000000001
2019-02-11 00:00:00+00:00,1184.238,10.9885,74.08200000000001
2019-02-12 00:00:00+00:00,1184.238,10.9885,74.08200000000001
2019-02-13 00:00:00+00:00,1184.238,10.9885,74.08200000000001
2019-02-14 00:00:00+00:00,1184.238,10.9885,74.08200000000001
2019-02-15 00:00:00+00:00,1184.238,10.9885,74.08200000000001
2019-02-16 00:00:00+00:00,1184.238,10.9885,74.08200000000001
2019-02-17 00:00:00+00:00,1184.238,10.9885,74.08200000000001
2019-02-18 00:00:00+00:00,1184.238,10.9885,74.08200000000001
2019-02-19 00:00:00+00:00,1184.238,10.9885,74.08200000000001
2019-02-20 00:00:00+00:00,1184.238,10.9885,74.08200000000001
2019-02-21 00:00:00+00:00,1184.238,10.9885,74.08200000000001
2019-02-22 00:00:00+00:00,1184.238,10.9885,74.08200000000001
2019-02-23 00:00:00+00:00,1184.238,10.9885,74.08200000000001
2019-02-24 00:00:00+00:00,1184.238,10.9885,74.08200000000001
2019-02-25 00:00:00+00:00,1184.238,10.9885,74.08200000000001
2019-02-26 00:00:00+00:00,1184.238,10.9885,74.08200000000001
2019-02-27 00:00:00+00:00,1184.238,10.9885,74.08200000000001
2019-02-28 00:00:00+00:00,1184.238,10.9885,74.08200000000001
2019-03-01 00:00:00+00:00,1184.238,10.9885,74.08200000000001
2019-03-02 00:00:00+00:00,1184.238,10.9885,74.08200000000001
2019-03-03 00:00:00+00:00,1184.238,10.9885,74.08200000000001
2019-03-04 00:00:00+00:00,1184.238,10.9885,74.08200000000001
2019-03-05 00:00:00+00:00,1184.238,10.9885,74.08200000000001
2019-03-06 00:00:00+00:00,1184.238,10.9885,74.08200000000001
2019-03-07 00:00:00+00:00,1184.238,10.9885,74.08200000000001
2019-03-08 00:00:00+00:00,1184.238,10.9885,74.08200000000001
2019-03-09 00:00:00+00:00,1184.238,10.9885,74.08200000000001
2019-03-10 00:00:00+00:00,1184.238,10.9885,74.08200000000001
2019-03-11 00:00:00+00:00,1184.238,10.9885,74.08200000000001
2019-03-12 00:00:00+00:00,1184.238,10.9885,74.08200000000001
2019-03-13 00:00:00+00:00,1184.238,10.9885,74.08200000000001
2019-03-14 00:00:00+00:00,1184.238,10.9885,74.08200000000001
2019-03-15 00:00:00+00:00,1184.238,10.9885,74.08200000000001
2019-03-16 00:00:00+00:00,1184.238,10.9885,74.08200000000001
2019-03-17 00:00:00+00:00,1184.238,10.9885,74.08200000000001
2019-03-18 00:00:00+00:00,1184.238,10.9885,74.08200000000001
2019-03-19 00:00:00+00:00,1184.238,10.9885,74.08200000000001
2019-03-20 00:00:00+00:00,1184.238,10.9885,74.08200000000001
2019-03-21 00:00:00+00:00,1184.238,10.9885,74.08200000000001
2019-03-22 00:00:00+00:00,1184.238,10.9885,74.08200000000001
2019-03-23 00:00:00+00:00,1184.238,10.9885,74.08200000000001
2019-03-24 00:00:00+00:00,1184.238,10.9885,74.08200000000001
2019-03-25 00:00:00+00:00,1184.238,10.9885,74.08200000000001
2019-03-26 00:00:00+00:00,1184.238,10.9885,74.08200000000001
2019-03-27 00:00:00+00:00,1184.238,10.9885,74.08200000000001
2019-03-28 00:00:00+00:00,1184.238,10.9885,74.08200000000001
2019-03-29 00:00:00+00:00,1184.238,10.9885,74.08200000000001
2019-03-30 00:00:00+00:00,1184.238,10.9885,74.08200000000001
2019-03-31 00:00:00+00:00,1184.238,10.9885,74.08200000000001
2019-04-01 00:00:00+00:00,1184.238,10.9885,74.08200000000001
2019-04-02 00:00:00+00:00,1184.238,10.9885,74.08200000000001
2019-04-03 00:00:00+00:00,1184.238,10.9885,74.08200000000001
2019-04-04 00:00:00+00:00,1184.238,10.9885,74.08200000000001
2019-04-05 00:00:00+00:00,1184.238,10.9885,74.08200000000001
2019-04-06 00:00:00+00:00,1184.238,10.9885,74.08200000000001
2019-04-07 00:00:00+00:00,1184.238,10.9885,74.08200000000001
2019-04-08 00:00:00+00:00,1184.238,10.9885,74.08200000000001
2019-04-09 00:00:00+00:00,1184.238,10.9885,74.08200000000001
2019-04-10 00:00:00+00:00,1184.238,10.9885,74.08200000000001
2019-04-11 00:00:00+00:00,1184.238,10.9885,74.08200000000001
2019-04-12 00:00:00+00:00,1184.238,10.9885,74.08200000000001
2019-04-13 00:00:00+00:00,1184.238,10.9885,74.08200000000001
2019-04-14 00:00:00+00:00,1184.238,10.9885,74.08200000000001
2019-04-15 00:00:00+00:00,1184.238,10.9885,74.08200000000001
2019-04-16 00:00:00+00:00,1184.238,10.9885,74.08200000000001
2019-04-17 00:00:00+00:00,1184.238,10.9885,74.08200000000001
2019-04-18 00:00:00+00:00,1184.238,10.9885,74.08200000000001
2019-04-19 00:00:00+00:00,1184.238,10.9885,74.08200000000001
2019-04-20 00:00:00+00:00,1184.238,10.9885,74.08200000000001
2019-04-21 00:00:00+00:00,1184.238,10.9885,74.08200000000001
2019-04-22 00:00:00+00:00,1184.238,10.9885,74.08200000000001
2019-04-23 00:00:00+00:00,1184.238,10.9885,74.08200000000001
2019-04-24 00:00:00+00:00,1184.238,10.9885,74.08200000000001
2019-04-25 00:00:00+00:00,1184.238,10.9885,74.08200000000001
2019-04-26 00:00:00+00:00,1184.238,10.9885,74.08200000000001
2019-04-27 00:00:00+00:00,1184.238,10.9885,74.08200000000001
2019-04-28 00:00:00+00:00,1184.238,10.9885,74.08200000000001
2019-04-29 00:00:00+00:00,1184.238,10.9885,74.08200000000001
2019-04-30 00:00:00+00:00,1184.238,10.9885,74.08200000000001
2019-05-01 00:00:00+00:00,1184.238,10.9885,74.08200000000001
2019-05-02 00:00:00+00:00,1184.238,10.9885,74.08200000000001
2019-05-03 00:00:00+00:00,1184.238,10.9885,74.08200000000001
2019-05-04 00:00:00+00:00,1184.238,10.9885,74.08200000000001
2019-05-05 00:00:00+00:00,1184.238,10.9885,74.08200000000001
2019-05-06 00:00:00+00:00,1184.238,10.9885,74.08200000000001
2019-05-07 00:00:00+00:00,1184.238,10.9885,74.08200000000001
2019-05-08 00:00:00+00:00,1184.238,10.9885,74.08200000000001
2019-05-09 00:00:00+00:00,1184.238,10.9885,74.08200000000001
2019-05-10 00:00:00+00:00,1184.238,10.9885,74.08200000000001
2019-05-11 00:00:00+00:00,1184.238,10.9885,74.08200000000001
2019-05-12 00:00:00+00:00,1184.238,10.9885,74.08200000000001
2019-05-13 00:00:00+00:00,1184.238,10.9885,74.08200000000001
2019-05-14 00:00:00+00:00,1184.238,10.9885,74.08200000000001
2019-05-15 00:00:00+00:00,1184.238,10.9885,74.08200000000001
2019-05-16 00:00:00+00:00,1184.238,10.9885,74.08200000000001
2019-05-17 00:00:00+00:00,1184.238,10.9885,74.08200000000001
2019-05-18 00:00:00+00:00,1184.238,10.9885,74.08200000000001
2019-05-19 00:00:00+00:00,1184.238,10.9885,74.08200000000001
2019-05-20 00:00:00+00:00,1184.238,10.9885,74.08200000000001
2019-05-21 00:00:00+00:00,1184.238,10.9885,74.08200000000001
2019-05-22 00:00:00+00:00,1184.238,10.9885,74.08200000000001
2019-05-23 00:00:00+00:00,1184.238,10.9885,74.08200000000001
2019-05-24 00:00:00+00:00,1184.238,10.9885,74.08200000000001
2019-05-25 00:00:00+00:00,1184.238,10.9885,74.08200000000001
2019-05-26 00:00:00+00:00,1184.238,10.9885,74.08200000000001
2019-05-27 00:00:00+00:00,1184.238,10.9885,74.08200000000001
2019-05-28 00:00:00+00:00,1184.238,10.9885,74.08200000000001
2019-05-29 00:00:00+00:00,1184.238,10.9885,74.08200000000001
2019-05-30 00:00:00+00:00,1184.238,10.9885,74.08200000000001
2019-05-31 00:00:00+00:00,1184.238,10.9885,74.08200000000001
2019-06-01 00:00:00+00:00,1184.238,10.9885,74.08200000000001
2019-06-02 00:00:00+00:00,1184.238,10.9885,74.08200000000001
2019-06-03 00:00:00+00:00,1184.238,10.9885,74.08200000000001
2019-06-04 00:00:00+00:00,1184.238,10.9885,74.08200000000001
2019-06-05 00:00:00+00:00,1184.238,10.9885,74.08200000000001
2019-06-06 00:00:00+00:00,1184.238,10.9885,74.08200000000001
2019-06-07 00:00:00+00:00,1184.238,10.9885,74.08200000000001
2019-06-08 00:00:00+00:00,1184.238,10.9885,74.08200000000001
2019-06-09 00:00:00+00:00,1184.238,10.9885,74.08200000000001
2019-06-10 00:00:00+00:00,1184.238,10.9885,74.08200000000001
2019-06-11 00:00:00+00:00,1184.238,10.9885,74.08200000000001
2019-06-12 00:00:00+00:00,1184.238,10.9885,74.08200000000001
2019-06-13 00:00:00+00:00,1184.238,10.9885,74.08200000000001
2019-06-14 00:00:00+00:00,1184.238,10.9885,74.08200000000001
2019-06-15 00:00:00+00:00,1184.238,10.9885,74.08200000000001
2019-06-16 00:00:00+00:00,1184.238,10.9885,74.08200000000001
2019-06-17 00:00:00+00:00,1184.238,10.9885,74.08200000000001
2019-06-18 00:00:00+00:00,1184.238,10.9885,74.08200000000001
2019-06-19 00:00:00+00:00,1184.238,10.9885,74.08200000000001
2019-06-20 00:00:00+00:00,1184.238,10.9885,74.08200000000001
2019-06-21 00:00:00+00:00,1184.238,10.9885,74.08200000000001
2019-06-22 00:00:00+00:00,1184.238,10.9885,74.08200000000001
2019-06-23 00:00:00+00:00,1184.238,10.9885,74.08200000000001
2019-06-24 00:00:00+00:00,1184.238,10.9885,74.08200000000001
2019-06-25 00:00:00+00:00,1184.238,10.9885,74.08200000000001
2019-06-26 00:00:00+00:00,1184.238,10.9885,74.08200000000001
2019-06-27 00:00:00+00:00,1184.238,10.9885,74.08200000000001
2019-06-28 00:00:00+00:00,1184.238,10.9885,74.08200000000001
2019-06-29 00:00:00+00:00,1184.238,10.9885,74.08200000000001
2019-06-30 00:00:00+00:00,1184.238,10.9885,74.08200000000001
2019-07-01 00:00:00+00:00,1184.238,10.9885,74.08200000000001
2019-07-02 00:00:00+00:00,1184.238,10.9885,74.08200000000001
2019-07-03 00:00:00+00:00,1184.238,10.9885,74.08200000000001
2019-07-04 00:00:00+00:00,1184.238,10.9885,74.08200000000001
2019-07-05 00:00:00+00:00,1184.238,10.9885,74.08200000000001
2019-07-06 00:00:00+00:00,1184.238,10.9885,74.08200000000001
2019-07-07 00:00:00+00:00,1184.238,10.9885,74.08200000000001
2019-07-08 00:00:00+00:00,1184.238,10.9885,74.08200000000001
2019-07-09 00:00:00+00:00,1184.238,10.9885,74.08200000000001
2019-07-10 00:00:00+00:00,1184.238,10.9885,74.08200000000001
2019-07-11 00:00:00+00:00,1184.238,10.9885,74.08200000000001
2019-07-12 00:00:00+00:00,1184.238,10.9885,74.08200000000001
2019-07-13 00:00:00+00:00,1184.238,10.9885,74.08200000000001
2019-07-14 00:00:00+00:00,1184.238,10.9885,74.08200000000001
2019-07-15 00:00:00+00:00,1184.238,10.9885,74.08200000000001
2019-07-16 00:00:00+00:00,1184.238,10.9885,74.08200000000001
2019-07-17 00:00:00+00:00,1184.238,10.9885,74.08200000000001
2019-07-18 00:00:00+00:00,1184.238,10.9885,74.08200000000001
2019-07-19 00:00:00+00:00,1184.238,10.9885,74.08200000000001
2019-07-20 00:00:00+00:00,1184.238,10.9885,74.08200000000001
2019-07-21 00:00:00+00:00,1184.238,10.9885,74.08200000000001
2019-07-22 00:00:00+00:00,1184.238,10.9885,74.08200000000001
2019-07-23 00:00:00+00:00,1184.238,10.9885,74.08200000000001
2019-07-24 00:00:00+00:00,1184.238,10.9885,74.08200000000001
2019-07-25 00:00:00+00:00,1184.238,10.9885,74.08200000000001
2019-07-26 00:00:00+00:00,1184.238,10.9885,74.08200000000001
2019-07-27 00:00:00+00:00,1184.238,10.9885,74.08200000000001
2019-07-28 00:00:00+00:00,1184.238,10.9885,74.08200000000001
2019-07-29 00:00:00+00:00,1184.238,10.9885,74.08200000000001
2019-07-30 00:00:00+00:00,1184.238,10.9885,74.08200000000001
2019-07-31 00:00:00+00:00,1184.238,10.9885,74.08200000000001
2019-08-01 00:00:00+00:00,1184.238,10.9885,74.08200000000001
2019-08-02 00:00:00+00:00,1184.238,10.9885,74.08200000000001
2019-08-03 00:00:00+00:00,1184.238,10.9885,74.08200000000001
2019-08-04 00:00:00+00:00,1184.238,10.9885,74.08200000000001
2019-08-05 00:00:00+00:00,1184.238,10.9885,74.08200000000001
2019-08-06 00:00:00+00:00,1184.238,10.9885,74.08200000000001
2019-08-07 00:00:00+00:00,1184.238,10.9885,74.08200000000001
2019-08-08 00:00:00+00:00,1184.238,10.9885,74.08200000000001
2019-08-09 00:00:00+00:00,1184.238,10.9885,74.08200000000001
2019-08-10 00:00:00+00:00,1184.238,10.9885,74.08200000000001
2019-08-11 00:00:00+00:00,1184.238,10.9885,74.08200000000001
2019-08-12 00:00:00+00:00,1184.238,10.9885,74.08200000000001
2019-08-13 00:00:00+00:00,1184.238,10.9885,74.08200000000001
2019-08-14 00:00:00+00:00,1184.238,10.9885,74.08200000000001
2019-08-15 00:00:00+00:00,1184.238,10.9885,74.08200000000001
2019-08-16 00:00:00+00:00,1184.238,10.9885,74.08200000000001
2019-08-17 00:00:00+00:00,1184.238,10.9885,74.08200000000001
2019-08-18 00:00:00+00:00,1184.238,10.9885,74.08200000000001
2019-08-19 00:00:00+00:00,1184.238,10.9885,74.08200000000001
2019-08-20 00:00:00+00:00,1184.238,10.9885,74.08200000000001
2019-08-21 00:00:00+00:00,1184.238,10.9885,74.08200000000001
2019-08-22 00:00:00+00:00,1184.238,10.9885,74.08200000000001
2019-08-23 00:00:00+00:00,1184.238,10.9885,74.08200000000001
2019-08-24 00:00:00+00:00,1184.238,10.9885,74.08200000000001
2019-08-25 00:00:00+00:00,1184.238,10.9885,74.08200000000001
2019-08-26 00:00:00+00:00,1184.238,10.9885,74.08200000000001
2019-08-27 00:00:00+00:00,1184.238,10.9885,74.08200000000001
2019-08-28 00:00:00+00:00,1184.238,10.9885,74.08200000000001
2019-08-29 00:00:00+00:00,1184.238,10.9885,74.08200000000001
2019-08-30 00:00:00+00:00,1184.238,10.9885,74.08200000000001
2019-08-31 00:00:00+00:00,1184.238,10.9885,74.08200000000001
2019-09-01 00:00:00+00:00,1184.238,10.9885,74.08200000000001
2019-09-02 00:00:00+00:00,1184.238,10.9885,74.08200000000001
2019-09-03 00:00:00+00:00,1184.238,10.9885,74.08200000000001
2019-09-04 00:00:00+00:00,1184.238,10.9885,74.08200000000001
2019-09-05 00:00:00+00:00,1184.238,10.9885,74.08200000000001
2019-09-06 00:00:00+00:00,1184.238,10.9885,74.08200000000001
2019-09-07 00:00:00+00:00,1184.238,10.9885,74.08200000000001
2019-09-08 00:00:00+00:00,1184.238,10.9885,74.08200000000001
2019-09-09 00:00:00+00:00,1184.238,10.9885,74.08200000000001
2019-09-10 00:00:00+00:00,1184.238,10.9885,74.08200000000001
2019-09-11 00:00:00+00:00,1184.238,10.9885,74.08200000000001
2019-09-12 00:00:00+00:00,1184.238,10.9885,74.08200000000001
2019-09-13 00:00:00+00:00,1184.238,10.9885,74.08200000000001
2019-09-14 00:00:00+00:00,1184.238,10.9885,74.08200000000001
2019-09-15 00:00:00+00:00,1184.238,10.9885,74.08200000000001
2019-09-16 00:00:00+00:00,1184.238,10.9885,74.08200000000001
2019-09-17 00:00:00+00:00,1184.238,10.9885,74.08200000000001
2019-09-18 00:00:00+00:00,1184.238,10.9885,74.08200000000001
2019-09-19 00:00:00+00:00,1184.238,10.9885,74.08200000000001
2019-09-20 00:00:00+00:00,1184.238,10.9885,74.08200000000001
2019-09-21 00:00:00+00:00,1184.238,10.9885,74.08200000000001
2019-09-22 00:00:00+00:00,1184.238,10.9885,74.08200000000001
2019-09-23 00:00:00+00:00,1184.238,10.9885,74.08200000000001
2019-09-24 00:00:00+00:00,1184.238,10.9885,74.08200000000001
2019-09-25 00:00:00+00:00,1184.238,10.9885,74.08200000000001
2019-09-26 00:00:00+00:00,1184.238,10.9885,74.08200000000001
2019-09-27 00:00:00+00:00,1184.238,10.9885,74.08200000000001
2019-09-28 00:00:00+00:00,1184.238,10.9885,74.08200000000001
2019-09-29 00:00:00+00:00,1184.238,10.9885,74.08200000000001
2019-09-30 00:00:00+00:00,1184.238,10.9885,74.08200000000001
2019-10-01 00:00:00+00:00,1184.238,10.9885,74.08200000000001
2019-10-02 00:00:00+00:00,1184.238,10.9885,74.08200000000001
2019-10-03 00:00:00+00:00,1184.238,10.9885,74.08200000000001
2019-10-04 00:00:00+00:00,1184.238,10.9885,74.08200000000001
2019-10-05 00:00:00+00:00,1184.238,10.9885,74.08200000000001
2019-10-06 00:00:00+00:00,1184.238,10.9885,74.08200000000001
2019-10-07 00:00:00+00:00,1184.238,10.9885,74.08200000000001
2019-10-08 00:00:00+00:00,1184.238,10.9885,74.08200000000001
2019-10-09 00:00:00+00:00,1184.238,10.9885,74.08200000000001
2019-10-10 00:00:00+00:00,1184.238,10.9885,74.08200000000001
2019-10-11 00:00:00+00:00,1184.238,10.9885,74.08200000000001
2019-10-12 00:00:00+00:00,1184.238,10.9885,74.08200000000001
2019-10-13 00:00:00+00:00,1184.238,10.9885,74.08200000000001
2019-10-14 00:00:00+00:00,1184.238,10.9885,74.08200000000001
2019-10-15 00:00:00+00:00,1184.238,10.9885,74.08200000000001
2019-10-16 00:00:00+00:00,1184.238,10.9885,74.08200000000001
2019-10-17 00:00:00+00:00,1184.238,10.9885,74.08200000000001
2019-10-18 00:00:00+00:00,1184.238,10.9885,74.08200000000001
2019-10-19 00:00:00+00:00,1184.238,10.9885,74.08200000000001
2019-10-20 00:00:00+00:00,1184.238,10.9885,74.08200000000001
2019-10-21 00:00:00+00:00,1184.238,10.9885,74.08200000000001
2019-10-22 00:00:00+00:00,1184.238,10.9885,74.08200000000001
2019-10-23 00:00:00+00:00,1184.238,10.9885,74.08200000000001
2019-10-24 00:00:00+00:00,1184.238,10.9885,74.08200000000001
2019-10-25 00:00:00+00:00,1184.238,10.9885,74.08200000000001
2019-10-26 00:00:00+00:00,1184.238,10.9885,74.08200000000001
2019-10-27 00:00:00+00:00,1184.238,10.9885,74.08200000000001
2019-10-28 00:00:00+00:00,1184.238,10.9885,74.08200000000001
2019-10-29 00:00:00+00:00,1184.238,10.9885,74.08200000000001
2019-10-30 00:00:00+00:00,1184.238,10.9885,74.08200000000001
2019-10-31 00:00:00+00:00,1184.238,10.9885,74.08200000000001
2019-11-01 00:00:00+00:00,1184.238,10.9885,74.08200000000001
2019-11-02 00:00:00+00:00,1184.238,10.9885,74.08200000000001
2019-11-03 00:00:00+00:00,1184.238,10.9885,74.08200000000001
2019-11-04 00:00:00+00:00,1184.238,10.9885,74.08200000000001
2019-11-05 00:00:00+00:00,1184.238,10.9885,74.08200000000001
2019-11-06 00:00:00+00:00,1184.238,10.9885,74.08200000000001
2019-11-07 00:00:00+00:00,1184.238,10.9885,74.08200000000001
2019-11-08 00:00:00+00:00,1184.238,10.9885,74.08200000000001
2019-11-09 00:00:00+00:00,1184.238,10.9885,74.08200000000001
2019-11-10 00:00:00+00:00,1184.238,10.9885,74.08200000000001
2019-11-11 00:00:00+00:00,1184.238,10.9885,74.08200000000001
2019-11-12 00:00:00+00:00,1184.238,10.9885,74.08200000000001
2019-11-13 00:00:00+00:00,1184.238,10.9885,74.08200000000001
2019-11-14 00:00:00+00:00,1184.238,10.9885,74.08200000000001
2019-11-15 00:00:00+00:00,1184.238,10.9885,74.08200000000001
2019-11-16 00:00:00+00:00,1184.238,10.9885,74.08200000000001
2019-11-17 00:00:00+00:00,1184.238,10.9885,74.08200000000001
2019-11-18 00:00:00+00:00,1184.238,10.9885,74.08200000000001
2019-11-19 00:00:00+00:00,1184.238,10.9885,74.08200000000001
2019-11-20 00:00:00+00:00,1184.238,10.9885,74.08200000000001
2019-11-21 00:00:00+00:00,1184.238,10.9885,74.08200000000001
2019-11-22 00:00:00+00:00,1184.238,10.9885,74.08200000000001
2019-11-23 00:00:00+00:00,1184.238,10.9885,74.08200000000001
2019-11-24 00:00:00+00:00,1184.238,10.9885,74.08200000000001
2019-11-25 00:00:00+00:00,1184.238,10.9885,74.08200000000001
2019-11-26 00:00:00+00:00,1184.238,10.9885,74.08200000000001
2019-11-27 00:00:00+00:00,1184.238,10.9885,74.08200000000001
2019-11-28 00:00:00+00:00,1184.238,10.9885,74.08200000000001
2019-11-29 00:00:00+00:00,1184.238,10.9885,74.08200000000001
2019-11-30 00:00:00+00:00,1184.238,10.9885,74.08200000000001
2019-12-01 00:00:00+00:00,1078.6184210526317,11.36328947368421,61.35565789473684
2019-12-02 00:00:00+00:00,1083.7786458333333,12.614791666666667,61.88218749999999
2019-12-03 00:00:00+00:00,1027.156875,21.5984375,62.64302083333333
2019-12-04 00:00:00+00:00,1177.1765625,11.225,64.90385416666668
2019-12-05 00:00:00+00:00,1132.1219791666667,12.271875,65.58895833333334
2019-12-06 00:00:00+00:00,1128.6498958333334,12.199479166666668,68.056875
2019-12-07 00:00:00+00:00,1155.656875,12.867916666666666,64.15791666666667
2019-12-08 00:00:00+00:00,1195.3969791666666,11.574270833333335,64.59010416666666
2019-12-09 00:00:00+00:00,1124.3507291666667,10.9984375,65.35645833333334
2019-12-10 00:00:00+00:00,1083.0714583333333,11.288020833333334,69.29677083333333
2019-12-11 00:00:00+00:00,1114.7593749999999,15.108020833333333,67.45916666666666
2019-12-12 00:00:00+00:00,1134.1742708333334,11.811666666666667,64.27572916666666
2019-12-13 00:00:00+00:00,1249.8645833333333,10.99,66.8859375
2019-12-14 00:00:00+00:00,1181.0972916666667,12.147395833333334,67.68958333333333
2019-12-15 00:00:00+00:00,1160.3533333333332,14.539895833333333,68.7696875
2019-12-16 00:00:00+00:00,1081.7290625,11.439583333333333,64.63635416666666
2019-12-17 00:00:00+00:00,1072.6998958333334,11.066562500000002,64.51416666666667
2019-12-18 00:00:00+00:00,1147.6327083333333,11.6575,58.50895833333333
2019-12-19 00:00:00+00:00,1113.7842708333333,13.817083333333334,58.088541666666664
2019-12-20 00:00:00+00:00,1158.6766666666665,10.950000000000001,58.25
2019-12-21 00:00:00+00:00,1212.9833333333333,10.833958333333333,58.68645833333333
2019-12-22 00:00:00+00:00,1268.8425,10.9603125,60.67625
2019-12-23 00:00:00+00:00,1157.2978125,10.962291666666667,63.80197916666666
2019-12-24 00:00:00+00:00,1069.5852083333334,12.582812500000001,63.76458333333333
2019-12-25 00:00:00+00:00,1066.1454166666667,11.155625,62.450208333333336
2019-12-26 00:00:00+00:00,1135.93875,11.028541666666667,61.755937499999995
2019-12-27 00:00:00+00:00,871.9019791666666,11.027500000000002,63.655520833333334
2019-12-28 00:00:00+00:00,366.39906249999996,11.054583333333333,64.16260416666667
2019-12-29 00:00:00+00:00,362.3727083333333,11.216979166666667,63.28208333333333
2019-12-30 00:00:00+00:00,336.63114583333333,12.186979166666667,62.28510416666666
2019-12-31 00:00:00+00:00,304.56,11.693529411764706,62.08032258064516
2020-01-01 00:00:00+00:00,286.19635416666665,14.15,61.9488
2020-01-02 00:00:00+00:00,344.4582291666666,11.826666666666668,65.558125
2020-01-03 00:00:00+00:00,375.9023958333333,11.0303125,69.15354166666667
2020-01-04 00:00:00+00:00,411.9297916666667,11.079375,69.74020833333334
2020-01-05 00:00:00+00:00,350.9075,17.393541666666668,67.9575
2020-01-06 00:00:00+00:00,369.56,11.992395833333333,66.868125
2020-01-07 00:00:00+00:00,381.69250000000005,11.283645833333333,65.38458333333334
2020-01-08 00:00:00+00:00,427.378125,14.596145833333333,63.92333333333334
2020-01-09 00:00:00+00:00,487.06791666666663,13.4159375,61.790937500000005
2020-01-10 00:00:00+00:00,478.82729166666667,11.050937500000002,64.6140625
2020-01-11 00:00:00+00:00,430.01458333333335,12.819062500000001,69.54614583333334
2020-01-12 00:00:00+00:00,441.53416666666664,39.72322916666666,71.24177083333333
2020-01-13 00:00:00+00:00,431.05749999999995,12.9990625,69.19135416666667
2020-01-14 00:00:00+00:00,452.52833333333336,11.026770833333332,70.19
2020-01-15 00:00:00+00:00,453.22552083333335,12.2171875,68.59552083333334
2020-01-16 00:00:00+00:00,441.15208333333334,15.773645833333333,69.53989583333333
2020-01-17 00:00:00+00:00,458.2835416666667,26.290833333333335,66.59406249999999
2020-01-18 00:00:00+00:00,544.3711458333333,13.939583333333333,66.98520833333333
2020-01-19 00:00:00+00:00,391.2835416666667,12.960833333333333,68.2075
2020-01-20 00:00:00+00:00,379.41562500000003,32.30041666666667,63.17197916666667
2020-01-21 00:00:00+00:00,425.51875,17.606041666666666,66.27885416666668
2020-01-22 00:00:00+00:00,499.3767708333333,65.3315625,68.86083333333333
2020-01-23 00:00:00+00:00,502.2895833333334,151.5209375,70.47760416666667
2020-01-24 00:00:00+00:00,513.8438541666667,111.63822916666668,70.7403125
2020-01-25 00:00:00+00:00,515.1313541666667,74.37,72.27239583333333
2020-01-26 00:00:00+00:00,506.0863541666667,86.02291666666667,72.81302083333334
2020-01-27 00:00:00+00:00,476.0977083333333,118.48260416666666,69.93593750000001
2020-01-28 00:00:00+00:00,443.18468750000005,161.829375,70.01447916666667
2020-01-29 00:00:00+00:00,474.84520833333335,196.26802083333334,71.13145833333333
2020-01-30 00:00:00+00:00,495.1978125,198.08395833333336,69.36041666666667
2020-01-31 00:00:00+00:00,520.9902083333333,143.3559375,70.42166666666667
2020-02-01 00:00:00+00:00,535.441875,100.31041666666665,70.69760416666666
2020-02-02 00:00:00+00:00,488.3863541666667,141.9896875,70.91729166666667
2020-02-03 00:00:00+00:00,485.84239583333334,156.08010416666667,71.01125
2020-02-04 00:00:00+00:00,514.5052083333334,150.59197916666668,70.7153125
2020-02-05 00:00:00+00:00,499.2889583333333,176.02052083333334,68.21416666666667
2020-02-06 00:00:00+00:00,473.93822916666664,183.51041666666666,67.1740625
2020-02-07 00:00:00+00:00,510.859375,145.09083333333334,66.10541666666667
2020-02-08 00:00:00+00:00,515.808125,187.6364583333333,62.44989583333333
2020-02-09 00:00:00+00:00,545.1027083333333,189.423125,62.44447916666667
2020-02-10 00:00:00+00:00,481.9336458333333,189.51375,67.15572916666666
2020-02-11 00:00:00+00:00,454.88416666666666,157.17656250000002,67.269375
2020-02-12 00:00:00+00:00,487.7071875,175.05072916666666,68.506875
2020-02-13 00:00:00+00:00,491.7147916666667,189.98614583333332,69.75135416666667
2020-02-14 00:00:00+00:00,460.7126041666667,189.418125,63.70666666666667
2020-02-15 00:00:00+00:00,576.5139583333333,197.58947916666668,61.4453125
2020-02-16 00:00:00+00:00,592.4438541666667,189.9461458333333,65.6759375
2020-02-17 00:00:00+00:00,458.99156250000004,181.32322916666666,65.62739583333332
2020-02-18 00:00:00+00:00,434.7013541666667,191.92239583333333,64.16635416666666
2020-02-19 00:00:00+00:00,524.08375,189.27822916666665,64.58854166666667
2020-02-20 00:00:00+00:00,484.2502083333333,205.1875,65.47177083333334
2020-02-21 00:00:00+00:00,501.0360416666667,137.25854166666667,61.89520833333333
2020-02-22 00:00:00+00:00,560.3603125,19.678854166666667,61.85947916666667
2020-02-23 00:00:00+00:00,520.5367708333333,19.942708333333332,63.05104166666666
2020-02-24 00:00:00+00:00,483.714375,19.646666666666665,67.72635416666667
2020-02-25 00:00:00+00:00,494.90000000000003,21.163020833333334,72.2334375
2020-02-26 00:00:00+00:00,476.06364583333334,26.620833333333334,73.28750000000001
2020-02-27 00:00:00+00:00,465.5572916666667,30.977395833333333,72.21614583333333
2020-02-28 00:00:00+00:00,466.7597916666667,29.903125,70.6209375
2020-02-29 00:00:00+00:00,538.1602083333333,29.78708333333333,69.55437500000001
2020-03-01 00:00:00+00:00,551.5346875,28.459374999999998,68.27208333333333
2020-03-02 00:00:00+00:00,546.0615625,19.107604166666665,68.28114583333333
2020-03-03 00:00:00+00:00,541.7877083333334,22.329895833333335,70.29625
2020-03-04 00:00:00+00:00,454.70468750000003,35.52697916666667,72.6190625
2020-03-05 00:00:00+00:00,442.5722916666667,30.66270833333333,72.60333333333334
2020-03-06 00:00:00+00:00,481.77104166666663,24.739687500000002,72.62666666666667
2020-03-07 00:00:00+00:00,519.2613541666666,38.773854166666666,71.0371875
2020-03-08 00:00:00+00:00,524.7342708333333,28.821145833333333,71.02302083333333
2020-03-09 00:00:00+00:00,454.46739583333334,22.586875000000003,72.17135416666666
2020-03-10 00:00:00+00:00,456.1541666666667,24.28333333333333,72.66489583333333
2020-03-11 00:00:00+00:00,600.2239583333334,34.76916666666667,73.03739583333333
2020-03-12 00:00:00+00:00,484.25,22.004479166666666,73.19416666666667
2020-03-13 00:00:00+00:00,436.2048958333333,31.665104166666666,72.64791666666666
2020-03-14 00:00:00+00:00,404.1445833333333,54.61041666666667,71.9884375
2020-03-15 00:00:00+00:00,406.1905208333333,43.13666666666666,69.9678125
2020-03-16 00:00:00+00:00,413.94604166666664,35.61666666666667,66.61197916666667
2020-03-17 00:00:00+00:00,417.56187500000004,26.753854166666667,67.79729166666667
2020-03-18 00:00:00+00:00,423.4122916666667,29.368750000000002,68.8228125
2020-03-19 00:00:00+00:00,425.23322916666666,28.578437500000003,68.64145833333333
2020-03-20 00:00:00+00:00,442.2552083333333,21.824270833333333,69.6609375
2020-03-21 00:00:00+00:00,406.90135416666664,55.00302083333333,67.69947916666666
2020-03-22 00:00:00+00:00,398.18,41.564479166666665,64.42489583333334
2020-03-23 00:00:00+00:00,401.34083333333336,30.215729166666666,63.48072916666666
2020-03-24 00:00:00+00:00,397.5911458333333,37.349375,62.88010416666666
2020-03-25 00:00:00+00:00,403.02010416666667,30.697708333333335,63.72354166666667
2020-03-26 00:00:00+00:00,401.0885416666667,30.78322916666667,63.501875000000005
2020-03-27 00:00:00+00:00,405.76197916666666,37.04125,65.8490625
2020-03-28 00:00:00+00:00,412.4140625,35.413125,65.77239583333333
2020-03-29 00:00:00+00:00,409.1146875,37.134479166666665,63.223645833333336
2020-03-30 00:00:00+00:00,414.99541666666664,26.478125000000002,63.14666666666667
2020-03-31 00:00:00+00:00,415.8028125,33.673125,65.24520833333334
2020-04-01 00:00:00+00:00,401.69416666666666,48.70708333333334,64.75104166666667
2020-04-02 00:00:00+00:00,394.58531250000004,52.42739583333333,65.10166666666667
2020-04-03 00:00:00+00:00,393.92677083333336,53.22593749999999,65.87375
2020-04-04 00:00:00+00:00,410.78770833333334,50.23645833333333,66.78291666666667
2020-04-05 00:00:00+00:00,435.99645833333335,24.000937500000003,67.70416666666667
2020-04-06 00:00:00+00:00,435.4457291666667,41.25479166666667,67.55239583333334
2020-04-07 00:00:00+00:00,412.2947916666667,44.587604166666665,67.64708333333333
2020-04-08 00:00:00+00:00,421.0378125,38.835,68.5225
2020-04-09 00:00:00+00:00,414.8029166666667,45.4571875,67.899375
2020-04-10 00:00:00+00:00,397.08479166666666,71.49187500000001,64.37385416666667
2020-04-11 00:00:00+00:00,402.43052083333333,71.486875,62.5121875
2020-04-12 00:00:00+00:00,419.3339583333333,40.18739583333333,64.13520833333332
2020-04-13 00:00:00+00:00,414.42614583333335,41.7125,67.80166666666666
2020-04-14 00:00:00+00:00,416.1479166666666,49.3434375,66.29104166666666
2020-04-15 00:00:00+00:00,410.33958333333334,58.590624999999996,64.57020833333333
2020-04-16 00:00:00+00:00,411.1458333333333,59.55197916666666,63.98739583333333
2020-04-17 00:00:00+00:00,413.3745833333333,51.732499999999995,62.44166666666666
2020-04-18 00:00:00+00:00,417.3380208333333,35.815104166666664,61.9496875
2020-04-19 00:00:00+00:00,415.7361458333333,32.0415625,61.49989583333333
2020-04-20 00:00:00+00:00,410.3513541666667,23.815104166666668,62.70885416666667
2020-04-21 00:00:00+00:00,415.4136458333333,32.768229166666664,64.14635416666667
2020-04-22 00:00:00+00:00,406.5690625,61.16625,61.77333333333333
2020-04-23 00:00:00+00:00,416.1094791666667,31.223645833333332,62.66072916666667
2020-04-24 00:00:00+00:00,424.9115625,40.48447916666667,64.5503125
2020-04-25 00:00:00+00:00,425.50145833333335,28.1296875,63.58604166666667
2020-04-26 00:00:00+00:00,415.9646875,38.3359375,63.573229166666664
2020-04-27 00:00:00+00:00,408.7495833333333,46.9684375,61.78375
2020-04-28 00:00:00+00:00,412.7633333333333,30.86145833333333,61.766979166666665
2020-04-29 00:00:00+00:00,430.5289583333333,26.9103125,63.773645833333326
2020-04-30 00:00:00+00:00,418.59,32.47770833333333,66.82270833333334
2020-05-01 00:00:00+00:00,418.89937499999996,51.807812500000004,69.58291666666666
2020-05-02 00:00:00+00:00,405.43854166666665,57.014375,68.73979166666666
2020-05-03 00:00:00+00:00,403.419375,34.70854166666667,69.79625
2020-05-04 00:00:00+00:00,405.9909375,51.15947916666667,70.4440625
2020-05-05 00:00:00+00:00,396.9978125,58.586875,67.96906249999999
2020-05-06 00:00:00+00:00,402.2690625,35.01083333333333,67.6678125
2020-05-07 00:00:00+00:00,404.1471875,51.038645833333334,67.51114583333333
2020-05-08 00:00:00+00:00,401.60041666666666,66.8828125,70.57302083333333
2020-05-09 00:00:00+00:00,402.5728125,71.1796875,67.30395833333334
2020-05-10 00:00:00+00:00,400.01427083333334,80.09260416666667,65.97125
2020-05-11 00:00:00+00:00,408.9511458333333,65.6434375,68.77374999999999
2020-05-12 00:00:00+00:00,405.9548958333333,73.3490625,69.91270833333333
2020-05-13 00:00:00+00:00,408.84218749999997,63.20427083333333,69.5228125
2020-05-14 00:00:00+00:00,422.9582291666666,36.77645833333333,70.77510416666667
2020-05-15 00:00:00+00:00,425.02270833333336,27.768854166666667,72.5815625
2020-05-16 00:00:00+00:00,430.0059375,44.303020833333335,73.161875
2020-05-17 00:00:00+00:00,428.5020833333333,33.972812499999996,72.48552083333333
2020-05-18 00:00:00+00:00,428.87218750000005,52.590833333333336,72.47947916666666
2020-05-19 00:00:00+00:00,426.5196875,44.6615625,72.62229166666667
2020-05-20 00:00:00+00:00,426.4298958333333,43.72427083333333,72.11458333333333
2020-05-21 00:00:00+00:00,432.143125,34.27,71.98427083333333
2020-05-22 00:00:00+00:00,435.7870833333333,28.449270833333333,72.71124999999999
2020-05-23 00:00:00+00:00,419.9201041666667,35.332812499999996,73.11166666666666
2020-05-24 00:00:00+00:00,406.97197916666664,54.163333333333334,71.02875
2020-05-25 00:00:00+00:00,414.45,38.74458333333333,72.14447916666667
2020-05-26 00:00:00+00:00,433.1603125,24.797812500000003,72.97947916666666
2020-05-27 00:00:00+00:00,429.8666666666666,24.527604166666666,73.20729166666666
2020-05-28 00:00:00+00:00,425.1921875,25.421666666666667,73.5121875
2020-05-29 00:00:00+00:00,426.2013541666667,25.246666666666666,73.8115625
2020-05-30 00:00:00+00:00,414.9609375,42.90177083333333,74.801875
2020-05-31 00:00:00+00:00,394.971875,58.83708333333333,73.72520833333333
2020-06-01 00:00:00+00:00,392.1429166666667,61.20197916666667,72.7453125
2020-06-02 00:00:00+00:00,405.9061458333333,34.71875,73.35833333333333
2020-06-03 00:00:00+00:00,403.1132291666667,41.238125000000004,73.70177083333333
2020-06-04 00:00:00+00:00,431.89927083333333,37.1790625,74.22989583333333
2020-06-05 00:00:00+00:00,434.74,34.20364583333333,74.46135416666667
2020-06-06 00:00:00+00:00,432.7079166666667,37.27291666666667,75.84125
2020-06-07 00:00:00+00:00,408.5365625,90.62802083333332,75.62385416666667
2020-06-08 00:00:00+00:00,407.42041666666665,57.82427083333334,74.33270833333333
2020-06-09 00:00:00+00:00,428.4402083333334,32.7503125,74.23302083333333
2020-06-10 00:00:00+00:00,429.8802083333333,36.0559375,73.98510416666666
2020-06-11 00:00:00+00:00,425.5055208333333,32.87416666666667,73.99927083333334
2020-06-12 00:00:00+00:00,428.86093750000003,50.787083333333335,74.53114583333333
2020-06-13 00:00:00+00:00,416.9258333333333,76.54239583333333,75.32114583333333
2020-06-14 00:00:00+00:00,410.76281250000005,60.362500000000004,73.9578125
2020-06-15 00:00:00+00:00,419.4119791666667,147.30406250000001,73.90854166666666
2020-06-16 00:00:00+00:00,419.1125,231.3578125,73.68677083333334
2020-06-17 00:00:00+00:00,420.9821875,215.70083333333332,73.56604166666666
2020-06-18 00:00:00+00:00,432.0207291666666,173.20843749999997,73.54927083333332
2020-06-19 00:00:00+00:00,432.5664583333333,192.5634375,73.59520833333333
2020-06-20 00:00:00+00:00,426.1566666666667,203.79083333333335,74.27395833333334
2020-06-21 00:00:00+00:00,426.67114583333336,207.5640625,74.71770833333333
2020-06-22 00:00:00+00:00,432.5989583333333,209.045,73.80916666666667
2020-06-23 00:00:00+00:00,425.340625,208.29135416666668,73.50010416666667
2020-06-24 00:00:00+00:00,421.17729166666663,216.85302083333332,73.68906249999999
2020-06-25 00:00:00+00:00,415.4901041666667,230.55395833333333,73.68708333333333
2020-06-26 00:00:00+00:00,422.28625000000005,223.56322916666667,74.42572916666667
2020-06-27 00:00:00+00:00,421.96125,220.44145833333334,75.11270833333333
2020-06-28 00:00:00+00:00,428.35999999999996,210.9466666666667,75.08375
2020-06-29 00:00:00+00:00,423.2186458333333,215.98104166666667,75.64270833333333
2020-06-30 00:00:00+00:00,413.74125000000004,219.06281249999998,75.9178125
2020-07-01 00:00:00+00:00,426.37958333333336,216.36427083333334,75.34520833333333
2020-07-02 00:00:00+00:00,424.58947916666665,218.12833333333333,74.94083333333333
2020-07-03 00:00:00+00:00,416.289375,219.3919791666667,74.8621875
2020-07-04 00:00:00+00:00,407.97791666666666,216.75802083333335,76.17156250000001
2020-07-05 00:00:00+00:00,411.675625,220.0951041666667,75.27291666666666
2020-07-06 00:00:00+00:00,426.5108333333333,219.64770833333333,74.8371875
2020-07-07 00:00:00+00:00,411.2482291666667,214.10583333333332,75.41822916666666
2020-07-08 00:00:00+00:00,412.4014583333333,212.51625,75.056875
2020-07-09 00:00:00+00:00,419.58229166666666,210.858125,75.006875
2020-07-10 00:00:00+00:00,412.7114583333334,208.9990625,75.7165625
2020-07-11 00:00:00+00:00,413.74854166666665,204.92229166666667,75.5359375
2020-07-12 00:00:00+00:00,402.34135416666663,218.76916666666668,75.50750000000001
2020-07-13 00:00:00+00:00,404.54322916666666,223.84114583333334,75.44947916666666
2020-07-14 00:00:00+00:00,405.3807291666667,227.51333333333332,75.7228125
2020-07-15 00:00:00+00:00,414.1429166666667,223.76135416666668,76.01281250000001
2020-07-16 00:00:00+00:00,407.7661458333334,221.36822916666665,75.42937500000001
2020-07-17 00:00:00+00:00,411.26114583333333,218.77520833333332,75.2571875
2020-07-18 00:00:00+00:00,435.5729166666667,223.49166666666667,75.39802083333333
2020-07-19 00:00:00+00:00,423.8667708333333,223.24854166666668,74.87385416666667
2020-07-20 00:00:00+00:00,427.6858333333334,221.0528125,75.01885416666666
2020-07-21 00:00:00+00:00,427.6233333333333,229.5528125,75.370625
2020-07-22 00:00:00+00:00,436.6514583333333,215.9615625,75.46062500000001
2020-07-23 00:00:00+00:00,437.91625,215.9278125,75.6609375
2020-07-24 00:00:00+00:00,429.65520833333335,218.40593750000002,76.20479166666667
2020-07-25 00:00:00+00:00,425.1301041666666,219.58041666666668,76.08083333333333
2020-07-26 00:00:00+00:00,407.08375,225.64666666666668,75.70302083333333
2020-07-27 00:00:00+00:00,398.07927083333334,232.82885416666667,75.31625
2020-07-28 00:00:00+00:00,401.8130208333334,225.36979166666666,75.3346875
2020-07-29 00:00:00+00:00,410.03760416666665,223.6165625,75.6553125
2020-07-30 00:00:00+00:00,407.96770833333335,232.41947916666666,75.56510416666667
2020-07-31 00:00:00+00:00,408.0916666666667,221.43197916666668,76.47916666666667
2020-08-01 00:00:00+00:00,424.02708333333334,223.40635416666666,76.1834375
2020-08-02 00:00:00+00:00,411.43604166666665,220.33104166666666,75.53510416666667
2020-08-03 00:00:00+00:00,416.0761458333333,223.91520833333334,75.62354166666667
2020-08-04 00:00:00+00:00,417.1571875,216.46624999999997,75.97625000000001
2020-08-05 00:00:00+00:00,418.93125000000003,222.27593750000003,75.74614583333333
2020-08-06 00:00:00+00:00,418.1671875,229.961875,75.91802083333333
2020-08-07 00:00:00+00:00,416.8980208333333,227.70364583333333,76.28833333333334
2020-08-08 00:00:00+00:00,427.4689583333333,221.39520833333333,76.40656249999999
2020-08-09 00:00:00+00:00,423.52062500000005,220.63375,75.705625
2020-08-10 00:00:00+00:00,426.66906250000005,219.95083333333332,75.2178125
2020-08-11 00:00:00+00:00,423.7086458333333,217.3340625,75.22875
2020-08-12 00:00:00+00:00,427.49854166666665,216.8346875,75.50427083333334
2020-08-13 00:00:00+00:00,437.2304166666667,218.93833333333336,75.995
2020-08-14 00:00:00+00:00,423.92427083333337,226.94093750000002,76.22427083333334
2020-08-15 00:00:00+00:00,403.8420833333333,233.88375,76.839375
2020-08-16 00:00:00+00:00,399.19604166666664,226.25229166666668,76.94302083333334
2020-08-17 00:00:00+00:00,405.4552083333333,224.68416666666667,74.84427083333334
2020-08-18 00:00:00+00:00,407.7253125,225.35125000000002,74.23010416666666
2020-08-19 00:00:00+00:00,407.60010416666665,224.55114583333332,73.88270833333333
2020-08-20 00:00:00+00:00,403.7597916666667,234.34354166666665,73.90895833333333
2020-08-21 00:00:00+00:00,406.8672916666667,224.41958333333332,73.75020833333333
2020-08-22 00:00:00+00:00,414.9613541666667,221.13979166666664,74.51958333333333
2020-08-23 00:00:00+00:00,421.5978125,219.84885416666668,74.98458333333333
2020-08-24 00:00:00+00:00,430.88947916666666,219.79447916666666,74.14874999999999
2020-08-25 00:00:00+00:00,423.27208333333334,223.12260416666666,73.81083333333333
2020-08-26 00:00:00+00:00,405.005625,234.63677083333334,74.03895833333333
2020-08-27 00:00:00+00:00,411.22166666666664,224.53093750000002,73.72645833333333
2020-08-28 00:00:00+00:00,423.7652083333333,221.69583333333333,74.05583333333333
2020-08-29 00:00:00+00:00,432.2621875,216.70333333333335,74.7478125
2020-08-30 00:00:00+00:00,419.08947916666665,230.30802083333333,75.47447916666667
2020-08-31 00:00:00+00:00,421.7609375,234.67447916666666,74.29833333333333
2020-09-01 00:00:00+00:00,419.80187500000005,218.78729166666668,73.8025
2020-09-02 00:00:00+00:00,425.6202083333333,212.55499999999998,73.76625
2020-09-03 00:00:00+00:00,435.61572916666665,219.1775,73.56375
2020-09-04 00:00:00+00:00,443.3610416666667,220.08020833333333,73.8796875
2020-09-05 00:00:00+00:00,422.90166666666664,249.74447916666668,74.69510416666667
2020-09-06 00:00:00+00:00,424.10239583333333,235.58375,74.610625
2020-09-07 00:00:00+00:00,415.6951041666666,228.42437500000003,73.839375
2020-09-08 00:00:00+00:00,434.2136458333334,218.87614583333334,73.66427083333333
2020-09-09 00:00:00+00:00,443.78,215.95020833333334,73.76739583333334
2020-09-10 00:00:00+00:00,450.3907291666667,211.17510416666667,73.7403125
2020-09-11 00:00:00+00:00,435.8926041666667,219.87416666666664,73.81239583333334
2020-09-12 00:00:00+00:00,418.4978125,230.53593750000002,74.15708333333333
2020-09-13 00:00:00+00:00,417.88916666666665,222.0028125,73.9353125
2020-09-14 00:00:00+00:00,411.38958333333335,227.78395833333332,73.65125
2020-09-15 00:00:00+00:00,406.0313541666667,245.675625,72.77114583333334
2020-09-16 00:00:00+00:00,422.3645833333333,229.2634375,73.095625
2020-09-17 00:00:00+00:00,420.8538541666667,219.32572916666666,73.38822916666668
2020-09-18 00:00:00+00:00,424.9570833333333,226.27135416666667,73.30989583333333
2020-09-19 00:00:00+00:00,415.54843750000003,275.935625,70.38677083333333
2020-09-20 00:00:00+00:00,420.02968749999997,310.575625,69.18510416666666
2020-09-21 00:00:00+00:00,425.6515625,267.2503125,70.23989583333334
2020-09-22 00:00:00+00:00,424.9570833333333,264.94875,71.00197916666666
2020-09-23 00:00:00+00:00,420.8776041666667,249.21562500000002,72.1609375
2020-09-24 00:00:00+00:00,454.3185416666667,233.47583333333333,72.99645833333334
2020-09-25 00:00:00+00:00,469.9657291666667,215.3921875,73.25197916666667
2020-09-26 00:00:00+00:00,468.8119791666666,215.18458333333334,73.50979166666667
2020-09-27 00:00:00+00:00,454.9636458333334,214.96572916666665,73.795625
2020-09-28 00:00:00+00:00,456.10072916666667,214.44802083333332,73.42552083333334
2020-09-29 00:00:00+00:00,457.67,217.90645833333335,73.16572916666667
2020-09-30 00:00:00+00:00,444.32124999999996,223.77093749999997,73.10760416666666
2020-10-01 00:00:00+00:00,449.9258333333333,230.2278125,73.03135416666667
2020-10-02 00:00:00+00:00,442.6202083333333,232.07239583333333,72.92416666666666
2020-10-03 00:00:00+00:00,426.4513541666667,237.51291666666668,71.42447916666667
2020-10-04 00:00:00+00:00,425.820625,237.27666666666667,70.63
2020-10-05 00:00:00+00:00,425.46760416666666,234.22677083333335,71.61666666666666
2020-10-06 00:00:00+00:00,439.63604166666664,227.46437500000002,72.45197916666667
2020-10-07 00:00:00+00:00,430.2559375,228.7509375,72.55729166666667
2020-10-08 00:00:00+00:00,411.8953125,244.2928125,71.97572916666667
2020-10-09 00:00:00+00:00,423.1983333333333,239.11468749999997,71.4709375
2020-10-10 00:00:00+00:00,432.4491666666667,227.90958333333333,72.01635416666666
2020-10-11 00:00:00+00:00,428.20447916666666,221.87322916666668,72.18864583333334
2020-10-12 00:00:00+00:00,423.65697916666664,221.46624999999997,71.35958333333333
2020-10-13 00:00:00+00:00,419.17031249999997,103.29364583333334,70.8525
2020-10-14 00:00:00+00:00,428.2547916666667,178.68677083333333,71.2153125
2020-10-15 00:00:00+00:00,441.4977083333333,206.54625,72.1384375
2020-10-16 00:00:00+00:00,425.29270833333334,194.02260416666664,72.38614583333333
2020-10-17 00:00:00+00:00,417.88135416666665,218.20125,68.63104166666666
2020-10-18 00:00:00+00:00,449.1510416666667,214.41093750000002,68.47802083333333
2020-10-19 00:00:00+00:00,432.9909375,208.45208333333335,70.34604166666666
2020-10-20 00:00:00+00:00,432.5889583333333,191.1628125,71.81281249999999
2020-10-21 00:00:00+00:00,441.52458333333334,192.7175,72.48541666666667
2020-10-22 00:00:00+00:00,453.64552083333336,185.0696875,72.78937499999999
2020-10-23 00:00:00+00:00,449.7140625,194.95041666666668,72.87906249999999
2020-10-24 00:00:00+00:00,422.0677083333333,206.99197916666665,72.63270833333333
2020-10-25 00:00:00+00:00,414.5097916666667,224.71875,68.486875
2020-10-26 00:00:00+00:00,426.9275,201.53302083333335,69.88552083333333
2020-10-27 00:00:00+00:00,438.03791666666666,147.11739583333335,71.3015625
2020-10-28 00:00:00+00:00,440.05802083333333,167.0903125,70.87197916666666
2020-10-29 00:00:00+00:00,434.14416666666665,185.801875,70.68833333333333
2020-10-30 00:00:00+00:00,415.9585416666667,200.4701041666667,68.27489583333333
2020-10-31 00:00:00+00:00,428.7108333333333,206.5725,65.47916666666667
2020-11-01 00:00:00+00:00,421.3229347826087,208.2417391304348,64.40739130434783
2020-11-02 00:00:00+00:00,404.6679166666667,231.244375,65.29385416666666
2020-11-03 00:00:00+00:00,406.720625,230.06677083333332,66.333125
2020-11-04 00:00:00+00:00,445.9432291666667,215.45864583333332,67.7778125
2020-11-05 00:00:00+00:00,451.3784375,205.27687500000002,68.25145833333333
2020-11-06 00:00:00+00:00,448.4769791666667,207.32208333333335,68.79718749999999
2020-11-07 00:00:00+00:00,461.7738541666667,218.19802083333332,68.74093749999999
2020-11-08 00:00:00+00:00,473.84312500000004,221.1575,69.28156249999999
2020-11-09 00:00:00+00:00,533.8280208333333,202.80385416666664,69.84656249999999
2020-11-10 00:00:00+00:00,471.23083333333335,197.96124999999998,70.52697916666666
2020-11-11 00:00:00+00:00,440.106875,195.33479166666666,71.185625
2020-11-12 00:00:00+00:00,432.5559375,194.19354166666668,70.34875000000001
2020-11-13 00:00:00+00:00,435.5988541666666,203.17020833333333,67.04927083333332
2020-11-14 00:00:00+00:00,419.86385416666667,216.85885416666667,65.255
2020-11-15 00:00:00+00:00,414.3829166666667,221.12197916666665,65.12927083333334
2020-11-16 00:00:00+00:00,397.7153125,233.99229166666666,66.16895833333334
2020-11-17 00:00:00+00:00,414.30187500000005,229.75552083333332,67.93583333333333
2020-11-18 00:00:00+00:00,401.6148958333333,247.95270833333333,67.69625
2020-11-19 00:00:00+00:00,419.66687499999995,237.76645833333336,66.925625
2020-11-20 00:00:00+00:00,430.9191666666666,225.06677083333332,67.513125
2020-11-21 00:00:00+00:00,440.2917708333334,227.84979166666668,67.85489583333334
2020-11-22 00:00:00+00:00,428.06916666666666,222.74322916666665,65.3884375
2020-11-23 00:00:00+00:00,420.60864583333336,210.04010416666665,68.79458333333334
2020-11-24 00:00:00+00:00,423.39197916666666,227.59031249999998,68.17625
2020-11-25 00:00:00+00:00,440.42093750000004,221.19375,68.45468749999999
2020-11-26 00:00:00+00:00,430.9639583333333,209.2021875,70.51708333333333
2020-11-27 00:00:00+00:00,434.039375,212.8942708333333,70.59916666666666
2020-11-28 00:00:00+00:00,419.54010416666665,223.24052083333333,68.34833333333333
2020-11-29 00:00:00+00:00,418.56927083333335,230.3194791666667,65.4771875
2020-11-30 00:00:00+00:00,414.9919791666667,215.2196875,68.6009375
2020-12-01 00:00:00+00:00,406.7525,208.3505,72.1005
