timestamp,283383
2019-12-01T05:00:00Z,61.43
2019-12-01T05:15:00Z,61.38
2019-12-01T05:30:00Z,61.3
2019-12-01T05:45:00Z,61.94
2019-12-01T06:00:00Z,61.32
2019-12-01T06:15:00Z,61.07
2019-12-01T06:30:00Z,60.9
2019-12-01T06:45:00Z,60.75
2019-12-01T07:00:00Z,60.67
2019-12-01T07:15:00Z,60.46
2019-12-01T07:30:00Z,60.3
2019-12-01T07:45:00Z,60.19
2019-12-01T08:00:00Z,60.54
2019-12-01T08:15:00Z,61.19
2019-12-01T08:30:00Z,61.44
2019-12-01T08:45:00Z,61.72
2019-12-01T09:00:00Z,61.89
2019-12-01T09:15:00Z,62.01
2019-12-01T09:30:00Z,62.14
2019-12-01T09:45:00Z,62.25
2019-12-01T10:00:00Z,62.36
2019-12-01T10:15:00Z,62.45
2019-12-01T10:30:00Z,62.52
2019-12-01T10:45:00Z,62.64
2019-12-01T11:00:00Z,62.67
2019-12-01T11:15:00Z,62.72
2019-12-01T11:30:00Z,62.73
2019-12-01T11:45:00Z,62.74
2019-12-01T12:00:00Z,62.81
2019-12-01T12:15:00Z,62.76
2019-12-01T12:30:00Z,61.87
2019-12-01T12:45:00Z,61.36
2019-12-01T13:00:00Z,61.09
2019-12-01T13:15:00Z,60.73
2019-12-01T13:30:00Z,60.54
2019-12-01T13:45:00Z,60.31
2019-12-01T14:00:00Z,60.29
2019-12-01T14:15:00Z,60.25
2019-12-01T14:30:00Z,60.21
2019-12-01T14:45:00Z,60.32
2019-12-01T15:00:00Z,60.34
2019-12-01T15:15:00Z,60.39
2019-12-01T15:30:00Z,60.34
2019-12-01T15:45:00Z,60.36
2019-12-01T16:00:00Z,60.33
2019-12-01T16:15:00Z,60.23
2019-12-01T16:30:00Z,60.18
2019-12-01T16:45:00Z,60.1
2019-12-01T17:00:00Z,60.33
2019-12-01T17:15:00Z,61.19
2019-12-01T17:30:00Z,61.71
2019-12-01T17:45:00Z,62.13
2019-12-01T18:00:00Z,62.48
2019-12-01T18:15:00Z,62.79
2019-12-01T18:30:00Z,62.74
2019-12-01T18:45:00Z,62.12
2019-12-01T19:00:00Z,61.7
2019-12-01T19:15:00Z,61.52
2019-12-01T19:30:00Z,61.41
2019-12-01T19:45:00Z,61.3
2019-12-01T20:00:00Z,61.19
2019-12-01T20:15:00Z,61.11
2019-12-01T20:30:00Z,60.85
2019-12-01T20:45:00Z,60.97
2019-12-01T21:00:00Z,60.82
2019-12-01T21:15:00Z,60.89
2019-12-01T21:30:00Z,61.02
2019-12-01T21:45:00Z,61.04
2019-12-01T22:00:00Z,61.27
2019-12-01T22:15:00Z,61.43
2019-12-01T22:30:00Z,61.58
2019-12-01T22:45:00Z,61.72
2019-12-01T23:00:00Z,61.92
2019-12-01T23:15:00Z,61.81
2019-12-01T23:30:00Z,61.77
2019-12-01T23:45:00Z,61.69
2019-12-02T00:00:00Z,61.94
2019-12-02T00:15:00Z,61.83
2019-12-02T00:30:00Z,61.91
2019-12-02T00:45:00Z,61.81
2019-12-02T01:00:00Z,61.57
2019-12-02T01:15:00Z,61.57
2019-12-02T01:30:00Z,61.42
2019-12-02T01:45:00Z,61.3
2019-12-02T02:00:00Z,61.31
2019-12-02T02:15:00Z,61.36
2019-12-02T02:30:00Z,61.28
2019-12-02T02:45:00Z,61.36
2019-12-02T03:00:00Z,61.23
2019-12-02T03:15:00Z,61.04
2019-12-02T03:30:00Z,60.85
2019-12-02T03:45:00Z,60.79
2019-12-02T04:00:00Z,60.55
2019-12-02T04:15:00Z,60.33
2019-12-02T04:30:00Z,61.15
2019-12-02T04:45:00Z,61.81
2019-12-02T05:00:00Z,62.21
2019-12-02T05:15:00Z,62.46
2019-12-02T05:30:00Z,62.73
2019-12-02T05:45:00Z,62.71
2019-12-02T06:00:00Z,62.04
2019-12-02T06:15:00Z,61.61
2019-12-02T06:30:00Z,61.34
2019-12-02T06:45:00Z,61.17
2019-12-02T07:00:00Z,61.02
2019-12-02T07:15:00Z,60.78
2019-12-02T07:30:00Z,60.53
2019-12-02T07:45:00Z,60.33
2019-12-02T08:00:00Z,60.4
2019-12-02T08:15:00Z,61.2
2019-12-02T08:30:00Z,61.69
2019-12-02T08:45:00Z,61.99
2019-12-02T09:00:00Z,62.21
2019-12-02T09:15:00Z,62.43
2019-12-02T09:30:00Z,62.59
2019-12-02T09:45:00Z,62.76
2019-12-02T10:00:00Z,62.89
2019-12-02T10:15:00Z,62.48
2019-12-02T10:30:00Z,61.82
2019-12-02T10:45:00Z,61.38
2019-12-02T11:00:00Z,61.12
2019-12-02T11:15:00Z,60.89
2019-12-02T11:30:00Z,60.74
2019-12-02T11:45:00Z,60.71
2019-12-02T12:00:00Z,60.58
2019-12-02T12:15:00Z,60.5
2019-12-02T12:30:00Z,60.48
2019-12-02T12:45:00Z,60.36
2019-12-02T13:00:00Z,60.31
2019-12-02T13:15:00Z,60.27
2019-12-02T13:30:00Z,60.28
2019-12-02T13:45:00Z,60.38
2019-12-02T14:00:00Z,60.37
2019-12-02T14:15:00Z,60.31
2019-12-02T14:30:00Z,60.32
2019-12-02T14:45:00Z,60.4
2019-12-02T15:00:00Z,60.38
2019-12-02T15:15:00Z,60.28
2019-12-02T15:30:00Z,60.21
2019-12-02T15:45:00Z,60.24
2019-12-02T16:00:00Z,60.23
2019-12-02T16:15:00Z,60.08
2019-12-02T16:30:00Z,60.16
2019-12-02T16:45:00Z,60.99
2019-12-02T17:00:00Z,61.52
2019-12-02T17:15:00Z,61.85
2019-12-02T17:30:00Z,62.14
2019-12-02T17:45:00Z,62.38
2019-12-02T18:00:00Z,62.59
2019-12-02T18:15:00Z,62.82
2019-12-02T18:30:00Z,62.9
2019-12-02T18:45:00Z,62.94
2019-12-02T19:00:00Z,62.97
2019-12-02T19:15:00Z,63.02
2019-12-02T19:30:00Z,63.11
2019-12-02T19:45:00Z,63.17
2019-12-02T20:00:00Z,63.15
2019-12-02T20:15:00Z,63.15
2019-12-02T20:30:00Z,63.25
2019-12-02T20:45:00Z,63.33
2019-12-02T21:00:00Z,63.28
2019-12-02T21:15:00Z,63.27
2019-12-02T21:30:00Z,63.24
2019-12-02T21:45:00Z,63.25
2019-12-02T22:00:00Z,63.88
2019-12-02T22:15:00Z,64.63
2019-12-02T22:30:00Z,65.22
2019-12-02T22:45:00Z,65.17
2019-12-02T23:00:00Z,65.63
2019-12-02T23:15:00Z,66.07
2019-12-02T23:30:00Z,66.37
2019-12-02T23:45:00Z,66.62
2019-12-03T00:00:00Z,66.82
2019-12-03T00:15:00Z,66.89
2019-12-03T00:30:00Z,66.84
2019-12-03T00:45:00Z,66.96
2019-12-03T01:00:00Z,67.13
2019-12-03T01:15:00Z,67.16
2019-12-03T01:30:00Z,67.25
2019-12-03T01:45:00Z,67.11
2019-12-03T02:00:00Z,66.61
2019-12-03T02:15:00Z,66.12
2019-12-03T02:30:00Z,65.81
2019-12-03T02:45:00Z,65.6
2019-12-03T03:00:00Z,66.21
2019-12-03T03:15:00Z,65.54
2019-12-03T03:30:00Z,65.06
2019-12-03T03:45:00Z,64.94
2019-12-03T04:00:00Z,64.87
2019-12-03T04:15:00Z,64.13
2019-12-03T04:30:00Z,63.51
2019-12-03T04:45:00Z,63.17
2019-12-03T05:00:00Z,62.8
2019-12-03T05:15:00Z,62.48
2019-12-03T05:30:00Z,62.26
2019-12-03T05:45:00Z,62.0
2019-12-03T06:00:00Z,61.71
2019-12-03T06:15:00Z,61.62
2019-12-03T06:30:00Z,61.41
2019-12-03T06:45:00Z,61.32
2019-12-03T07:00:00Z,61.13
2019-12-03T07:15:00Z,60.96
2019-12-03T07:30:00Z,60.73
2019-12-03T07:45:00Z,60.54
2019-12-03T08:00:00Z,60.48
2019-12-03T08:15:00Z,60.3
2019-12-03T08:30:00Z,60.3
2019-12-03T08:45:00Z,60.11
2019-12-03T09:00:00Z,59.9
2019-12-03T09:15:00Z,60.68
2019-12-03T09:30:00Z,61.24
2019-12-03T09:45:00Z,61.44
2019-12-03T10:00:00Z,61.64
2019-12-03T10:15:00Z,61.79
2019-12-03T10:30:00Z,61.93
2019-12-03T10:45:00Z,62.05
2019-12-03T11:00:00Z,62.13
2019-12-03T11:15:00Z,62.2
2019-12-03T11:30:00Z,62.25
2019-12-03T11:45:00Z,62.39
2019-12-03T12:00:00Z,62.45
2019-12-03T12:15:00Z,62.53
2019-12-03T12:30:00Z,62.69
2019-12-03T12:45:00Z,62.79
2019-12-03T13:00:00Z,62.88
2019-12-03T13:15:00Z,63.0
2019-12-03T13:30:00Z,62.54
2019-12-03T13:45:00Z,62.12
2019-12-03T14:00:00Z,61.9
2019-12-03T14:15:00Z,61.8
2019-12-03T14:30:00Z,61.54
2019-12-03T14:45:00Z,61.36
2019-12-03T15:00:00Z,61.28
2019-12-03T15:15:00Z,61.22
2019-12-03T15:30:00Z,61.18
2019-12-03T15:45:00Z,61.1
2019-12-03T16:00:00Z,61.03
2019-12-03T16:15:00Z,61.05
2019-12-03T16:30:00Z,60.91
2019-12-03T16:45:00Z,60.89
2019-12-03T17:00:00Z,60.82
2019-12-03T17:15:00Z,60.84
2019-12-03T17:30:00Z,60.76
2019-12-03T17:45:00Z,60.28
2019-12-03T18:00:00Z,60.3
2019-12-03T18:15:00Z,61.28
2019-12-03T18:30:00Z,61.82
2019-12-03T18:45:00Z,62.17
2019-12-03T19:00:00Z,62.45
2019-12-03T19:15:00Z,62.72
2019-12-03T19:30:00Z,62.98
2019-12-03T19:45:00Z,62.57
2019-12-03T20:00:00Z,62.2
2019-12-03T20:15:00Z,61.92
2019-12-03T20:30:00Z,61.79
2019-12-03T20:45:00Z,61.72
2019-12-03T21:00:00Z,61.67
2019-12-03T21:15:00Z,61.58
2019-12-03T21:30:00Z,61.45
2019-12-03T21:45:00Z,61.42
2019-12-03T22:00:00Z,61.22
2019-12-03T22:15:00Z,61.73
2019-12-03T22:30:00Z,62.79
2019-12-03T22:45:00Z,63.97
2019-12-03T23:00:00Z,63.97
2019-12-03T23:15:00Z,64.18
2019-12-03T23:30:00Z,64.39
2019-12-03T23:45:00Z,64.96
2019-12-04T00:00:00Z,65.76
2019-12-04T00:15:00Z,66.35
2019-12-04T00:30:00Z,66.72
2019-12-04T00:45:00Z,66.85
2019-12-04T01:00:00Z,66.92
2019-12-04T01:15:00Z,67.13
2019-12-04T01:30:00Z,67.36
2019-12-04T01:45:00Z,67.49
2019-12-04T02:00:00Z,67.71
2019-12-04T02:15:00Z,67.86
2019-12-04T02:30:00Z,68.14
2019-12-04T02:45:00Z,68.3
2019-12-04T03:00:00Z,68.38
2019-12-04T03:15:00Z,68.53
2019-12-04T03:30:00Z,68.65
2019-12-04T03:45:00Z,68.68
2019-12-04T04:00:00Z,68.66
2019-12-04T04:15:00Z,67.82
2019-12-04T04:30:00Z,66.89
2019-12-04T04:45:00Z,66.38
2019-12-04T05:00:00Z,66.0
2019-12-04T05:15:00Z,64.85
2019-12-04T05:30:00Z,64.41
2019-12-04T05:45:00Z,64.17
2019-12-04T06:00:00Z,63.87
2019-12-04T06:15:00Z,63.62
2019-12-04T06:30:00Z,63.35
2019-12-04T06:45:00Z,63.13
2019-12-04T07:00:00Z,62.93
2019-12-04T07:15:00Z,62.58
2019-12-04T07:30:00Z,62.32
2019-12-04T07:45:00Z,62.11
2019-12-04T08:00:00Z,61.92
2019-12-04T08:15:00Z,61.76
2019-12-04T08:30:00Z,61.61
2019-12-04T08:45:00Z,61.47
2019-12-04T09:00:00Z,61.36
2019-12-04T09:15:00Z,61.25
2019-12-04T09:30:00Z,61.19
2019-12-04T09:45:00Z,61.11
2019-12-04T10:00:00Z,61.08
2019-12-04T10:15:00Z,60.97
2019-12-04T10:30:00Z,60.86
2019-12-04T10:45:00Z,60.82
2019-12-04T11:00:00Z,60.86
2019-12-04T11:15:00Z,60.8
2019-12-04T11:30:00Z,60.76
2019-12-04T11:45:00Z,60.7
2019-12-04T12:00:00Z,60.69
2019-12-04T12:15:00Z,60.73
2019-12-04T12:30:00Z,60.74
2019-12-04T12:45:00Z,60.75
2019-12-04T13:00:00Z,60.59
2019-12-04T13:15:00Z,61.08
2019-12-04T13:30:00Z,61.64
2019-12-04T13:45:00Z,62.2
2019-12-04T14:00:00Z,62.54
2019-12-04T14:15:00Z,62.82
2019-12-04T14:30:00Z,63.07
2019-12-04T14:45:00Z,63.35
2019-12-04T15:00:00Z,64.12
2019-12-04T15:15:00Z,65.0
2019-12-04T15:30:00Z,65.36
2019-12-04T15:45:00Z,65.68
2019-12-04T16:00:00Z,66.05
2019-12-04T16:15:00Z,66.07
2019-12-04T16:30:00Z,65.97
2019-12-04T16:45:00Z,65.63
2019-12-04T17:00:00Z,65.89
2019-12-04T17:15:00Z,66.33
2019-12-04T17:30:00Z,66.56
2019-12-04T17:45:00Z,66.7
2019-12-04T18:00:00Z,66.65
2019-12-04T18:15:00Z,66.68
2019-12-04T18:30:00Z,66.75
2019-12-04T18:45:00Z,66.85
2019-12-04T19:00:00Z,67.04
2019-12-04T19:15:00Z,66.89
2019-12-04T19:30:00Z,66.81
2019-12-04T19:45:00Z,66.87
2019-12-04T20:00:00Z,67.04
2019-12-04T20:15:00Z,66.62
2019-12-04T20:30:00Z,66.85
2019-12-04T20:45:00Z,67.08
2019-12-04T21:00:00Z,67.25
2019-12-04T21:15:00Z,67.46
2019-12-04T21:30:00Z,67.82
2019-12-04T21:45:00Z,67.03
2019-12-04T22:00:00Z,66.87
2019-12-04T22:15:00Z,66.92
2019-12-04T22:30:00Z,67.0
2019-12-04T22:45:00Z,67.01
2019-12-04T23:00:00Z,66.91
2019-12-04T23:15:00Z,67.03
2019-12-04T23:30:00Z,67.44
2019-12-04T23:45:00Z,67.9
2019-12-05T00:00:00Z,68.43
2019-12-05T00:15:00Z,68.87
2019-12-05T00:30:00Z,69.24
2019-12-05T00:45:00Z,69.42
2019-12-05T01:00:00Z,69.62
2019-12-05T01:15:00Z,69.8
2019-12-05T01:30:00Z,70.01
2019-12-05T01:45:00Z,70.24
2019-12-05T02:00:00Z,70.42
2019-12-05T02:15:00Z,70.63
2019-12-05T02:30:00Z,70.71
2019-12-05T02:45:00Z,70.84
2019-12-05T03:00:00Z,70.94
2019-12-05T03:15:00Z,70.84
2019-12-05T03:30:00Z,70.81
2019-12-05T03:45:00Z,70.82
2019-12-05T04:00:00Z,70.86
2019-12-05T04:15:00Z,71.05
2019-12-05T04:30:00Z,71.09
2019-12-05T04:45:00Z,71.14
2019-12-05T05:00:00Z,70.69
2019-12-05T05:15:00Z,69.51
2019-12-05T05:30:00Z,68.7
2019-12-05T05:45:00Z,68.14
2019-12-05T06:00:00Z,67.7
2019-12-05T06:15:00Z,67.32
2019-12-05T06:30:00Z,66.94
2019-12-05T06:45:00Z,66.68
2019-12-05T07:00:00Z,66.34
2019-12-05T07:15:00Z,65.96
2019-12-05T07:30:00Z,65.63
2019-12-05T07:45:00Z,65.35
2019-12-05T08:00:00Z,65.06
2019-12-05T08:15:00Z,64.77
2019-12-05T08:30:00Z,64.53
2019-12-05T08:45:00Z,64.3
2019-12-05T09:00:00Z,64.02
2019-12-05T09:15:00Z,63.79
2019-12-05T09:30:00Z,63.67
2019-12-05T09:45:00Z,63.57
2019-12-05T10:00:00Z,63.47
2019-12-05T10:15:00Z,63.36
2019-12-05T10:30:00Z,63.2
2019-12-05T10:45:00Z,63.13
2019-12-05T11:00:00Z,63.06
2019-12-05T11:15:00Z,62.9
2019-12-05T11:30:00Z,62.78
2019-12-05T11:45:00Z,62.75
2019-12-05T12:00:00Z,62.65
2019-12-05T12:15:00Z,62.57
2019-12-05T12:30:00Z,62.49
2019-12-05T12:45:00Z,62.41
2019-12-05T13:00:00Z,62.37
2019-12-05T13:15:00Z,62.29
2019-12-05T13:30:00Z,62.29
2019-12-05T13:45:00Z,62.55
2019-12-05T14:00:00Z,62.65
2019-12-05T14:15:00Z,62.56
2019-12-05T14:30:00Z,62.56
2019-12-05T14:45:00Z,62.52
2019-12-05T15:00:00Z,62.48
2019-12-05T15:15:00Z,62.53
2019-12-05T15:30:00Z,62.52
2019-12-05T15:45:00Z,62.48
2019-12-05T16:00:00Z,62.36
2019-12-05T16:15:00Z,62.21
2019-12-05T16:30:00Z,62.23
2019-12-05T16:45:00Z,62.45
2019-12-05T17:00:00Z,62.49
2019-12-05T17:15:00Z,62.07
2019-12-05T17:30:00Z,62.58
2019-12-05T17:45:00Z,63.01
2019-12-05T18:00:00Z,63.26
2019-12-05T18:15:00Z,63.5
2019-12-05T18:30:00Z,63.74
2019-12-05T18:45:00Z,63.94
2019-12-05T19:00:00Z,64.13
2019-12-05T19:15:00Z,64.31
2019-12-05T19:30:00Z,64.5
2019-12-05T19:45:00Z,64.66
2019-12-05T20:00:00Z,64.81
2019-12-05T20:15:00Z,64.95
2019-12-05T20:30:00Z,65.08
2019-12-05T20:45:00Z,65.21
2019-12-05T21:00:00Z,65.29
2019-12-05T21:15:00Z,65.4
2019-12-05T21:30:00Z,65.46
2019-12-05T21:45:00Z,65.54
2019-12-05T22:00:00Z,65.65
2019-12-05T22:15:00Z,65.75
2019-12-05T22:30:00Z,65.78
2019-12-05T22:45:00Z,65.87
2019-12-05T23:00:00Z,65.97
2019-12-05T23:15:00Z,66.36
2019-12-05T23:30:00Z,66.93
2019-12-05T23:45:00Z,68.03
2019-12-06T00:00:00Z,68.5
2019-12-06T00:15:00Z,68.98
2019-12-06T00:30:00Z,69.44
2019-12-06T00:45:00Z,69.72
2019-12-06T01:00:00Z,69.87
2019-12-06T01:15:00Z,70.0
2019-12-06T01:30:00Z,70.11
2019-12-06T01:45:00Z,70.2
2019-12-06T02:00:00Z,70.44
2019-12-06T02:15:00Z,70.66
2019-12-06T02:30:00Z,70.75
2019-12-06T02:45:00Z,70.82
2019-12-06T03:00:00Z,70.84
2019-12-06T03:15:00Z,70.88
2019-12-06T03:30:00Z,71.01
2019-12-06T03:45:00Z,71.0
2019-12-06T04:00:00Z,71.08
2019-12-06T04:15:00Z,70.4
2019-12-06T04:30:00Z,70.28
2019-12-06T04:45:00Z,69.33
2019-12-06T05:00:00Z,68.49
2019-12-06T05:15:00Z,67.95
2019-12-06T05:30:00Z,67.44
2019-12-06T05:45:00Z,67.06
2019-12-06T06:00:00Z,66.78
2019-12-06T06:15:00Z,66.42
2019-12-06T06:30:00Z,66.2
2019-12-06T06:45:00Z,66.01
2019-12-06T07:00:00Z,65.79
2019-12-06T07:15:00Z,65.52
2019-12-06T07:30:00Z,65.28
2019-12-06T07:45:00Z,64.89
2019-12-06T08:00:00Z,64.44
2019-12-06T08:15:00Z,64.14
2019-12-06T08:30:00Z,63.91
2019-12-06T08:45:00Z,63.95
2019-12-06T09:00:00Z,63.67
2019-12-06T09:15:00Z,63.58
2019-12-06T09:30:00Z,63.35
2019-12-06T09:45:00Z,63.24
2019-12-06T10:00:00Z,63.16
2019-12-06T10:15:00Z,63.11
2019-12-06T10:30:00Z,63.15
2019-12-06T10:45:00Z,63.13
2019-12-06T11:00:00Z,63.02
2019-12-06T11:15:00Z,62.85
2019-12-06T11:30:00Z,62.78
2019-12-06T11:45:00Z,62.77
2019-12-06T12:00:00Z,62.81
2019-12-06T12:15:00Z,62.77
2019-12-06T12:30:00Z,62.66
2019-12-06T12:45:00Z,62.82
2019-12-06T13:00:00Z,62.35
2019-12-06T13:15:00Z,62.36
2019-12-06T13:30:00Z,63.08
2019-12-06T13:45:00Z,63.4
2019-12-06T14:00:00Z,63.66
2019-12-06T14:15:00Z,63.99
2019-12-06T14:30:00Z,64.26
2019-12-06T14:45:00Z,64.6
2019-12-06T15:00:00Z,64.9
2019-12-06T15:15:00Z,65.37
2019-12-06T15:30:00Z,65.76
2019-12-06T15:45:00Z,66.15
2019-12-06T16:00:00Z,67.01
2019-12-06T16:15:00Z,67.62
2019-12-06T16:30:00Z,68.34
2019-12-06T16:45:00Z,69.25
2019-12-06T17:00:00Z,69.95
2019-12-06T17:15:00Z,70.37
2019-12-06T17:30:00Z,70.86
2019-12-06T17:45:00Z,71.34
2019-12-06T18:00:00Z,71.66
2019-12-06T18:15:00Z,71.97
2019-12-06T18:30:00Z,72.23
2019-12-06T18:45:00Z,72.25
2019-12-06T19:00:00Z,71.92
2019-12-06T19:15:00Z,71.66
2019-12-06T19:30:00Z,71.79
2019-12-06T19:45:00Z,71.93
2019-12-06T20:00:00Z,72.2
2019-12-06T20:15:00Z,72.67
2019-12-06T20:30:00Z,73.37
2019-12-06T20:45:00Z,73.85
2019-12-06T21:00:00Z,74.26
2019-12-06T21:15:00Z,74.48
2019-12-06T21:30:00Z,74.15
2019-12-06T21:45:00Z,73.75
2019-12-06T22:00:00Z,73.3
2019-12-06T22:15:00Z,73.01
2019-12-06T22:30:00Z,72.38
2019-12-06T22:45:00Z,72.06
2019-12-06T23:00:00Z,71.89
2019-12-06T23:15:00Z,71.72
2019-12-06T23:30:00Z,71.51
2019-12-06T23:45:00Z,71.38
2019-12-07T00:00:00Z,71.28
2019-12-07T00:15:00Z,71.17
2019-12-07T00:30:00Z,71.13
2019-12-07T00:45:00Z,71.08
2019-12-07T01:00:00Z,71.22
2019-12-07T01:15:00Z,70.84
2019-12-07T01:30:00Z,70.2
2019-12-07T01:45:00Z,69.93
2019-12-07T02:00:00Z,69.46
2019-12-07T02:15:00Z,69.13
2019-12-07T02:30:00Z,68.8
2019-12-07T02:45:00Z,68.29
2019-12-07T03:00:00Z,68.1
2019-12-07T03:15:00Z,68.0
2019-12-07T03:30:00Z,67.56
2019-12-07T03:45:00Z,67.25
2019-12-07T04:00:00Z,67.04
2019-12-07T04:15:00Z,66.66
2019-12-07T04:30:00Z,66.34
2019-12-07T04:45:00Z,66.12
2019-12-07T05:00:00Z,66.0
2019-12-07T05:15:00Z,65.76
2019-12-07T05:30:00Z,65.57
2019-12-07T05:45:00Z,65.4
2019-12-07T06:00:00Z,65.23
2019-12-07T06:15:00Z,65.05
2019-12-07T06:30:00Z,64.88
2019-12-07T06:45:00Z,64.74
2019-12-07T07:00:00Z,64.59
2019-12-07T07:15:00Z,64.37
2019-12-07T07:30:00Z,64.17
2019-12-07T07:45:00Z,64.06
2019-12-07T08:00:00Z,63.87
2019-12-07T08:15:00Z,63.67
2019-12-07T08:30:00Z,63.58
2019-12-07T08:45:00Z,63.45
2019-12-07T09:00:00Z,63.34
2019-12-07T09:15:00Z,63.25
2019-12-07T09:30:00Z,63.12
2019-12-07T09:45:00Z,63.07
2019-12-07T10:00:00Z,63.0
2019-12-07T10:15:00Z,62.86
2019-12-07T10:30:00Z,62.82
2019-12-07T10:45:00Z,62.67
2019-12-07T11:00:00Z,62.59
2019-12-07T11:15:00Z,62.39
2019-12-07T11:30:00Z,62.27
2019-12-07T11:45:00Z,62.24
2019-12-07T12:00:00Z,62.28
2019-12-07T12:15:00Z,62.14
2019-12-07T12:30:00Z,62.07
2019-12-07T12:45:00Z,62.03
2019-12-07T13:00:00Z,61.89
2019-12-07T13:15:00Z,61.91
2019-12-07T13:30:00Z,61.84
2019-12-07T13:45:00Z,61.8
2019-12-07T14:00:00Z,61.75
2019-12-07T14:15:00Z,61.71
2019-12-07T14:30:00Z,61.67
2019-12-07T14:45:00Z,61.68
2019-12-07T15:00:00Z,61.65
2019-12-07T15:15:00Z,61.64
2019-12-07T15:30:00Z,61.72
2019-12-07T15:45:00Z,61.68
2019-12-07T16:00:00Z,61.67
2019-12-07T16:15:00Z,61.74
2019-12-07T16:30:00Z,61.77
2019-12-07T16:45:00Z,61.86
2019-12-07T17:00:00Z,61.85
2019-12-07T17:15:00Z,61.99
2019-12-07T17:30:00Z,61.93
2019-12-07T17:45:00Z,62.05
2019-12-07T18:00:00Z,62.03
2019-12-07T18:15:00Z,62.05
2019-12-07T18:30:00Z,62.2
2019-12-07T18:45:00Z,62.2
2019-12-07T19:00:00Z,62.2
2019-12-07T19:15:00Z,62.24
2019-12-07T19:30:00Z,62.23
2019-12-07T19:45:00Z,62.3
2019-12-07T20:00:00Z,62.39
2019-12-07T20:15:00Z,62.45
2019-12-07T20:30:00Z,62.33
2019-12-07T20:45:00Z,62.45
2019-12-07T21:00:00Z,62.46
2019-12-07T21:15:00Z,62.41
2019-12-07T21:30:00Z,62.47
2019-12-07T21:45:00Z,62.51
2019-12-07T22:00:00Z,62.25
2019-12-07T22:15:00Z,62.44
2019-12-07T22:30:00Z,63.0
2019-12-07T22:45:00Z,63.38
2019-12-07T23:00:00Z,63.84
2019-12-07T23:15:00Z,64.25
2019-12-07T23:30:00Z,64.95
2019-12-07T23:45:00Z,66.2
2019-12-08T00:00:00Z,67.25
2019-12-08T00:15:00Z,67.86
2019-12-08T00:30:00Z,68.86
2019-12-08T00:45:00Z,69.59
2019-12-08T01:00:00Z,70.07
2019-12-08T01:15:00Z,70.51
2019-12-08T01:30:00Z,69.81
2019-12-08T01:45:00Z,68.58
2019-12-08T02:00:00Z,68.05
2019-12-08T02:15:00Z,67.57
2019-12-08T02:30:00Z,67.34
2019-12-08T02:45:00Z,67.12
2019-12-08T03:00:00Z,66.99
2019-12-08T03:15:00Z,66.86
2019-12-08T03:30:00Z,66.75
2019-12-08T03:45:00Z,66.58
2019-12-08T04:00:00Z,66.49
2019-12-08T04:15:00Z,65.83
2019-12-08T04:30:00Z,65.24
2019-12-08T04:45:00Z,64.72
2019-12-08T05:00:00Z,64.35
2019-12-08T05:15:00Z,63.99
2019-12-08T05:30:00Z,63.7
2019-12-08T05:45:00Z,63.46
2019-12-08T06:00:00Z,63.32
2019-12-08T06:15:00Z,63.1
2019-12-08T06:30:00Z,62.85
2019-12-08T06:45:00Z,62.62
2019-12-08T07:00:00Z,62.42
2019-12-08T07:15:00Z,62.22
2019-12-08T07:30:00Z,62.03
2019-12-08T07:45:00Z,61.83
2019-12-08T08:00:00Z,61.61
2019-12-08T08:15:00Z,61.5
2019-12-08T08:30:00Z,61.33
2019-12-08T08:45:00Z,61.2
2019-12-08T09:00:00Z,61.01
2019-12-08T09:15:00Z,60.84
2019-12-08T09:30:00Z,60.75
2019-12-08T09:45:00Z,60.63
2019-12-08T10:00:00Z,60.49
2019-12-08T10:15:00Z,60.43
2019-12-08T10:30:00Z,60.3
2019-12-08T10:45:00Z,60.21
2019-12-08T11:00:00Z,60.15
2019-12-08T11:15:00Z,59.95
2019-12-08T11:30:00Z,60.18
2019-12-08T11:45:00Z,60.56
2019-12-08T12:00:00Z,60.86
2019-12-08T12:15:00Z,61.15
2019-12-08T12:30:00Z,61.42
2019-12-08T12:45:00Z,61.62
2019-12-08T13:00:00Z,61.77
2019-12-08T13:15:00Z,61.93
2019-12-08T13:30:00Z,62.16
2019-12-08T13:45:00Z,62.36
2019-12-08T14:00:00Z,62.52
2019-12-08T14:15:00Z,62.66
2019-12-08T14:30:00Z,62.83
2019-12-08T14:45:00Z,63.08
2019-12-08T15:00:00Z,62.8
2019-12-08T15:15:00Z,62.63
2019-12-08T15:30:00Z,62.53
2019-12-08T15:45:00Z,62.45
2019-12-08T16:00:00Z,62.5
2019-12-08T16:15:00Z,62.62
2019-12-08T16:30:00Z,62.52
2019-12-08T16:45:00Z,62.55
2019-12-08T17:00:00Z,62.29
2019-12-08T17:15:00Z,62.53
2019-12-08T17:30:00Z,62.99
2019-12-08T17:45:00Z,63.5
2019-12-08T18:00:00Z,63.84
2019-12-08T18:15:00Z,64.23
2019-12-08T18:30:00Z,64.7
2019-12-08T18:45:00Z,65.33
2019-12-08T19:00:00Z,65.71
2019-12-08T19:15:00Z,66.67
2019-12-08T19:30:00Z,67.75
2019-12-08T19:45:00Z,68.65
2019-12-08T20:00:00Z,69.56
2019-12-08T20:15:00Z,70.39
2019-12-08T20:30:00Z,70.94
2019-12-08T20:45:00Z,71.18
2019-12-08T21:00:00Z,70.64
2019-12-08T21:15:00Z,69.75
2019-12-08T21:30:00Z,69.21
2019-12-08T21:45:00Z,68.91
2019-12-08T22:00:00Z,68.71
2019-12-08T22:15:00Z,68.15
2019-12-08T22:30:00Z,67.64
2019-12-08T22:45:00Z,67.54
2019-12-08T23:00:00Z,66.91
2019-12-08T23:15:00Z,66.53
2019-12-08T23:30:00Z,66.3
2019-12-08T23:45:00Z,66.04
2019-12-09T00:00:00Z,65.86
2019-12-09T00:15:00Z,65.75
2019-12-09T00:30:00Z,65.6
2019-12-09T00:45:00Z,65.43
2019-12-09T01:00:00Z,65.27
2019-12-09T01:15:00Z,65.11
2019-12-09T01:30:00Z,65.03
2019-12-09T01:45:00Z,64.96
2019-12-09T02:00:00Z,64.83
2019-12-09T02:15:00Z,64.79
2019-12-09T02:30:00Z,64.7
2019-12-09T02:45:00Z,64.63
2019-12-09T03:00:00Z,64.56
2019-12-09T03:15:00Z,64.5
2019-12-09T03:30:00Z,64.53
2019-12-09T03:45:00Z,64.49
2019-12-09T04:00:00Z,64.46
2019-12-09T04:15:00Z,64.38
2019-12-09T04:30:00Z,64.35
2019-12-09T04:45:00Z,64.28
2019-12-09T05:00:00Z,64.23
2019-12-09T05:15:00Z,64.14
2019-12-09T05:30:00Z,64.1
2019-12-09T05:45:00Z,64.06
2019-12-09T06:00:00Z,63.99
2019-12-09T06:15:00Z,63.96
2019-12-09T06:30:00Z,63.96
2019-12-09T06:45:00Z,64.03
2019-12-09T07:00:00Z,63.99
2019-12-09T07:15:00Z,63.98
2019-12-09T07:30:00Z,63.96
2019-12-09T07:45:00Z,63.88
2019-12-09T08:00:00Z,63.75
2019-12-09T08:15:00Z,63.72
2019-12-09T08:30:00Z,63.66
2019-12-09T08:45:00Z,63.62
2019-12-09T09:00:00Z,63.62
2019-12-09T09:15:00Z,63.59
2019-12-09T09:30:00Z,63.55
2019-12-09T09:45:00Z,63.49
2019-12-09T10:00:00Z,63.47
2019-12-09T10:15:00Z,63.45
2019-12-09T10:30:00Z,63.43
2019-12-09T10:45:00Z,63.47
2019-12-09T11:00:00Z,63.47
2019-12-09T11:15:00Z,63.4
2019-12-09T11:30:00Z,63.44
2019-12-09T11:45:00Z,63.45
2019-12-09T12:00:00Z,63.45
2019-12-09T12:15:00Z,63.53
2019-12-09T12:30:00Z,63.5
2019-12-09T12:45:00Z,63.48
2019-12-09T13:00:00Z,63.49
2019-12-09T13:15:00Z,63.49
2019-12-09T13:30:00Z,63.6
2019-12-09T13:45:00Z,63.71
2019-12-09T14:00:00Z,63.79
2019-12-09T14:15:00Z,63.85
2019-12-09T14:30:00Z,63.95
2019-12-09T14:45:00Z,64.11
2019-12-09T15:00:00Z,64.15
2019-12-09T15:15:00Z,64.21
2019-12-09T15:30:00Z,64.27
2019-12-09T15:45:00Z,64.27
2019-12-09T16:00:00Z,64.43
2019-12-09T16:15:00Z,64.54
2019-12-09T16:30:00Z,64.55
2019-12-09T16:45:00Z,64.64
2019-12-09T17:00:00Z,64.5
2019-12-09T17:15:00Z,64.79
2019-12-09T17:30:00Z,65.24
2019-12-09T17:45:00Z,65.62
2019-12-09T18:00:00Z,65.94
2019-12-09T18:15:00Z,66.21
2019-12-09T18:30:00Z,66.43
2019-12-09T18:45:00Z,66.71
2019-12-09T19:00:00Z,67.48
2019-12-09T19:15:00Z,67.63
2019-12-09T19:30:00Z,67.59
2019-12-09T19:45:00Z,67.73
2019-12-09T20:00:00Z,67.84
2019-12-09T20:15:00Z,67.96
2019-12-09T20:30:00Z,68.06
2019-12-09T20:45:00Z,68.18
2019-12-09T21:00:00Z,68.34
2019-12-09T21:15:00Z,68.53
2019-12-09T21:30:00Z,68.91
2019-12-09T21:45:00Z,69.18
2019-12-09T22:00:00Z,69.58
2019-12-09T22:15:00Z,69.86
2019-12-09T22:30:00Z,70.5
2019-12-09T22:45:00Z,71.05
2019-12-09T23:00:00Z,71.63
2019-12-09T23:15:00Z,72.15
2019-12-09T23:30:00Z,72.46
2019-12-09T23:45:00Z,72.74
2019-12-10T00:00:00Z,72.95
2019-12-10T00:15:00Z,73.17
2019-12-10T00:30:00Z,73.27
2019-12-10T00:45:00Z,73.45
2019-12-10T01:00:00Z,73.61
2019-12-10T01:15:00Z,73.8
2019-12-10T01:30:00Z,73.96
2019-12-10T01:45:00Z,73.81
2019-12-10T02:00:00Z,73.47
2019-12-10T02:15:00Z,73.08
2019-12-10T02:30:00Z,72.79
2019-12-10T02:45:00Z,72.59
2019-12-10T03:00:00Z,72.19
2019-12-10T03:15:00Z,71.98
2019-12-10T03:30:00Z,71.85
2019-12-10T03:45:00Z,71.75
2019-12-10T04:00:00Z,71.71
2019-12-10T04:15:00Z,71.25
2019-12-10T04:30:00Z,70.83
2019-12-10T04:45:00Z,70.57
2019-12-10T05:00:00Z,70.32
2019-12-10T05:15:00Z,70.09
2019-12-10T05:30:00Z,69.98
2019-12-10T05:45:00Z,69.78
2019-12-10T06:00:00Z,69.63
2019-12-10T06:15:00Z,69.49
2019-12-10T06:30:00Z,69.4
2019-12-10T06:45:00Z,69.32
2019-12-10T07:00:00Z,69.29
2019-12-10T07:15:00Z,69.17
2019-12-10T07:30:00Z,69.04
2019-12-10T07:45:00Z,68.92
2019-12-10T08:00:00Z,68.83
2019-12-10T08:15:00Z,68.72
2019-12-10T08:30:00Z,68.7
2019-12-10T08:45:00Z,68.68
2019-12-10T09:00:00Z,68.59
2019-12-10T09:15:00Z,68.5
2019-12-10T09:30:00Z,68.47
2019-12-10T09:45:00Z,68.38
2019-12-10T10:00:00Z,68.31
2019-12-10T10:15:00Z,68.34
2019-12-10T10:30:00Z,68.28
2019-12-10T10:45:00Z,68.25
2019-12-10T11:00:00Z,68.2
2019-12-10T11:15:00Z,68.13
2019-12-10T11:30:00Z,68.09
2019-12-10T11:45:00Z,68.1
2019-12-10T12:00:00Z,68.08
2019-12-10T12:15:00Z,68.06
2019-12-10T12:30:00Z,68.05
2019-12-10T12:45:00Z,68.03
2019-12-10T13:00:00Z,68.03
2019-12-10T13:15:00Z,68.01
2019-12-10T13:30:00Z,68.05
2019-12-10T13:45:00Z,68.07
2019-12-10T14:00:00Z,68.04
2019-12-10T14:15:00Z,68.02
2019-12-10T14:30:00Z,68.03
2019-12-10T14:45:00Z,68.06
2019-12-10T15:00:00Z,68.16
2019-12-10T15:15:00Z,68.13
2019-12-10T15:30:00Z,68.12
2019-12-10T15:45:00Z,68.15
2019-12-10T16:00:00Z,68.08
2019-12-10T16:15:00Z,68.16
2019-12-10T16:30:00Z,68.21
2019-12-10T16:45:00Z,68.14
2019-12-10T17:00:00Z,68.12
2019-12-10T17:15:00Z,68.15
2019-12-10T17:30:00Z,68.15
2019-12-10T17:45:00Z,68.11
2019-12-10T18:00:00Z,68.11
2019-12-10T18:15:00Z,68.07
2019-12-10T18:30:00Z,68.08
2019-12-10T18:45:00Z,68.06
2019-12-10T19:00:00Z,68.03
2019-12-10T19:15:00Z,68.04
2019-12-10T19:30:00Z,68.09
2019-12-10T19:45:00Z,68.18
2019-12-10T20:00:00Z,68.2
2019-12-10T20:15:00Z,68.15
2019-12-10T20:30:00Z,68.06
2019-12-10T20:45:00Z,67.92
2019-12-10T21:00:00Z,67.73
2019-12-10T21:15:00Z,67.79
2019-12-10T21:30:00Z,67.94
2019-12-10T21:45:00Z,67.94
2019-12-10T22:00:00Z,67.75
2019-12-10T22:15:00Z,67.82
2019-12-10T22:30:00Z,68.1
2019-12-10T22:45:00Z,68.41
2019-12-10T23:00:00Z,68.68
2019-12-10T23:15:00Z,68.83
2019-12-10T23:30:00Z,69.21
2019-12-10T23:45:00Z,70.01
2019-12-11T00:00:00Z,70.7
2019-12-11T00:15:00Z,71.19
2019-12-11T00:30:00Z,71.41
2019-12-11T00:45:00Z,72.04
2019-12-11T01:00:00Z,72.39
2019-12-11T01:15:00Z,72.64
2019-12-11T01:30:00Z,72.8
2019-12-11T01:45:00Z,73.11
2019-12-11T02:00:00Z,73.21
2019-12-11T02:15:00Z,73.2
2019-12-11T02:30:00Z,73.2
2019-12-11T02:45:00Z,73.18
2019-12-11T03:00:00Z,73.24
2019-12-11T03:15:00Z,73.28
2019-12-11T03:30:00Z,73.24
2019-12-11T03:45:00Z,73.26
2019-12-11T04:00:00Z,73.05
2019-12-11T04:15:00Z,72.27
2019-12-11T04:30:00Z,71.79
2019-12-11T04:45:00Z,71.35
2019-12-11T05:00:00Z,70.54
2019-12-11T05:15:00Z,70.06
2019-12-11T05:30:00Z,69.65
2019-12-11T05:45:00Z,69.26
2019-12-11T06:00:00Z,68.89
2019-12-11T06:15:00Z,68.59
2019-12-11T06:30:00Z,68.25
2019-12-11T06:45:00Z,67.93
2019-12-11T07:00:00Z,67.58
2019-12-11T07:15:00Z,67.22
2019-12-11T07:30:00Z,66.98
2019-12-11T07:45:00Z,66.68
2019-12-11T08:00:00Z,66.44
2019-12-11T08:15:00Z,66.17
2019-12-11T08:30:00Z,65.93
2019-12-11T08:45:00Z,65.69
2019-12-11T09:00:00Z,65.47
2019-12-11T09:15:00Z,65.27
2019-12-11T09:30:00Z,65.04
2019-12-11T09:45:00Z,64.84
2019-12-11T10:00:00Z,64.65
2019-12-11T10:15:00Z,64.49
2019-12-11T10:30:00Z,64.35
2019-12-11T10:45:00Z,64.18
2019-12-11T11:00:00Z,64.0
2019-12-11T11:15:00Z,63.85
2019-12-11T11:30:00Z,63.7
2019-12-11T11:45:00Z,63.61
2019-12-11T12:00:00Z,63.47
2019-12-11T12:15:00Z,63.42
2019-12-11T12:30:00Z,63.35
2019-12-11T12:45:00Z,63.28
2019-12-11T13:00:00Z,62.92
2019-12-11T13:15:00Z,62.84
2019-12-11T13:30:00Z,63.33
2019-12-11T13:45:00Z,63.38
2019-12-11T14:00:00Z,63.23
2019-12-11T14:15:00Z,63.05
2019-12-11T14:30:00Z,62.94
2019-12-11T14:45:00Z,62.99
2019-12-11T15:00:00Z,63.05
2019-12-11T15:15:00Z,63.04
2019-12-11T15:30:00Z,62.91
2019-12-11T15:45:00Z,63.44
2019-12-11T16:00:00Z,63.93
2019-12-11T16:15:00Z,64.5
2019-12-11T16:30:00Z,65.02
2019-12-11T16:45:00Z,65.64
2019-12-11T17:00:00Z,66.2
2019-12-11T17:15:00Z,66.68
2019-12-11T17:30:00Z,66.95
2019-12-11T17:45:00Z,66.8
2019-12-11T18:00:00Z,66.79
2019-12-11T18:15:00Z,66.84
2019-12-11T18:30:00Z,66.89
2019-12-11T18:45:00Z,66.99
2019-12-11T19:00:00Z,67.14
2019-12-11T19:15:00Z,67.25
2019-12-11T19:30:00Z,67.39
2019-12-11T19:45:00Z,67.51
2019-12-11T20:00:00Z,67.66
2019-12-11T20:15:00Z,67.73
2019-12-11T20:30:00Z,67.78
2019-12-11T20:45:00Z,68.04
2019-12-11T21:00:00Z,68.2
2019-12-11T21:15:00Z,68.25
2019-12-11T21:30:00Z,68.33
2019-12-11T21:45:00Z,68.37
2019-12-11T22:00:00Z,68.38
2019-12-11T22:15:00Z,68.39
2019-12-11T22:30:00Z,68.45
2019-12-11T22:45:00Z,68.56
2019-12-11T23:00:00Z,68.66
2019-12-11T23:15:00Z,68.62
2019-12-11T23:30:00Z,68.65
2019-12-11T23:45:00Z,68.99
2019-12-12T00:00:00Z,69.62
2019-12-12T00:15:00Z,70.26
2019-12-12T00:30:00Z,70.46
2019-12-12T00:45:00Z,70.4
2019-12-12T01:00:00Z,70.43
2019-12-12T01:15:00Z,70.51
2019-12-12T01:30:00Z,70.72
2019-12-12T01:45:00Z,70.86
2019-12-12T02:00:00Z,71.0
2019-12-12T02:15:00Z,71.23
2019-12-12T02:30:00Z,71.34
2019-12-12T02:45:00Z,71.45
2019-12-12T03:00:00Z,71.31
2019-12-12T03:15:00Z,71.21
2019-12-12T03:30:00Z,71.09
2019-12-12T03:45:00Z,71.1
2019-12-12T04:00:00Z,71.08
2019-12-12T04:15:00Z,70.81
2019-12-12T04:30:00Z,70.0
2019-12-12T04:45:00Z,69.45
2019-12-12T05:00:00Z,69.18
2019-12-12T05:15:00Z,68.49
2019-12-12T05:30:00Z,67.78
2019-12-12T05:45:00Z,67.16
2019-12-12T06:00:00Z,66.65
2019-12-12T06:15:00Z,66.17
2019-12-12T06:30:00Z,65.75
2019-12-12T06:45:00Z,65.46
2019-12-12T07:00:00Z,65.14
2019-12-12T07:15:00Z,64.81
2019-12-12T07:30:00Z,64.53
2019-12-12T07:45:00Z,64.22
2019-12-12T08:00:00Z,63.93
2019-12-12T08:15:00Z,63.67
2019-12-12T08:30:00Z,63.43
2019-12-12T08:45:00Z,63.17
2019-12-12T09:00:00Z,62.97
2019-12-12T09:15:00Z,62.79
2019-12-12T09:30:00Z,62.59
2019-12-12T09:45:00Z,62.42
2019-12-12T10:00:00Z,62.25
2019-12-12T10:15:00Z,62.08
2019-12-12T10:30:00Z,61.86
2019-12-12T10:45:00Z,61.66
2019-12-12T11:00:00Z,61.48
2019-12-12T11:15:00Z,61.3
2019-12-12T11:30:00Z,61.08
2019-12-12T11:45:00Z,60.87
2019-12-12T12:00:00Z,60.73
2019-12-12T12:15:00Z,60.54
2019-12-12T12:30:00Z,60.24
2019-12-12T12:45:00Z,59.42
2019-12-12T13:00:00Z,59.68
2019-12-12T13:15:00Z,59.93
2019-12-12T13:30:00Z,59.94
2019-12-12T13:45:00Z,59.95
2019-12-12T14:00:00Z,59.9
2019-12-12T14:15:00Z,59.9
2019-12-12T14:30:00Z,59.81
2019-12-12T14:45:00Z,59.72
2019-12-12T15:00:00Z,60.09
2019-12-12T15:15:00Z,60.47
2019-12-12T15:30:00Z,60.7
2019-12-12T15:45:00Z,60.9
2019-12-12T16:00:00Z,61.08
2019-12-12T16:15:00Z,61.25
2019-12-12T16:30:00Z,61.43
2019-12-12T16:45:00Z,61.65
2019-12-12T17:00:00Z,61.82
2019-12-12T17:15:00Z,61.91
2019-12-12T17:30:00Z,62.04
2019-12-12T17:45:00Z,62.17
2019-12-12T18:00:00Z,62.33
2019-12-12T18:15:00Z,62.5
2019-12-12T18:30:00Z,62.71
2019-12-12T18:45:00Z,62.86
2019-12-12T19:00:00Z,63.3
2019-12-12T19:15:00Z,63.05
2019-12-12T19:30:00Z,62.97
2019-12-12T19:45:00Z,63.02
2019-12-12T20:00:00Z,62.89
2019-12-12T20:15:00Z,62.76
2019-12-12T20:30:00Z,62.67
2019-12-12T20:45:00Z,62.68
2019-12-12T21:00:00Z,62.7
2019-12-12T21:15:00Z,62.81
2019-12-12T21:30:00Z,62.68
2019-12-12T21:45:00Z,62.52
2019-12-12T22:00:00Z,62.35
2019-12-12T22:15:00Z,62.34
2019-12-12T22:30:00Z,62.7
2019-12-12T22:45:00Z,62.97
2019-12-12T23:00:00Z,63.19
2019-12-12T23:15:00Z,63.21
2019-12-12T23:30:00Z,63.25
2019-12-12T23:45:00Z,63.52
2019-12-13T00:00:00Z,64.15
2019-12-13T00:15:00Z,64.87
2019-12-13T00:30:00Z,65.54
2019-12-13T00:45:00Z,66.15
2019-12-13T01:00:00Z,66.49
2019-12-13T01:15:00Z,66.74
2019-12-13T01:30:00Z,66.95
2019-12-13T01:45:00Z,67.22
2019-12-13T02:00:00Z,67.48
2019-12-13T02:15:00Z,67.8
2019-12-13T02:30:00Z,68.19
2019-12-13T02:45:00Z,68.49
2019-12-13T03:00:00Z,68.63
2019-12-13T03:15:00Z,68.95
2019-12-13T03:30:00Z,69.0
2019-12-13T03:45:00Z,68.94
2019-12-13T04:00:00Z,68.96
2019-12-13T04:15:00Z,68.67
2019-12-13T04:30:00Z,68.26
2019-12-13T04:45:00Z,67.4
2019-12-13T05:00:00Z,66.87
2019-12-13T05:15:00Z,66.43
2019-12-13T05:30:00Z,66.04
2019-12-13T05:45:00Z,65.66
2019-12-13T06:00:00Z,65.3
2019-12-13T06:15:00Z,65.0
2019-12-13T06:30:00Z,64.72
2019-12-13T06:45:00Z,64.43
2019-12-13T07:00:00Z,64.18
2019-12-13T07:15:00Z,63.89
2019-12-13T07:30:00Z,63.64
2019-12-13T07:45:00Z,63.44
2019-12-13T08:00:00Z,63.23
2019-12-13T08:15:00Z,63.04
2019-12-13T08:30:00Z,62.86
2019-12-13T08:45:00Z,62.7
2019-12-13T09:00:00Z,62.59
2019-12-13T09:15:00Z,62.48
2019-12-13T09:30:00Z,62.39
2019-12-13T09:45:00Z,62.36
2019-12-13T10:00:00Z,62.29
2019-12-13T10:15:00Z,62.23
2019-12-13T10:30:00Z,62.18
2019-12-13T10:45:00Z,62.12
2019-12-13T11:00:00Z,62.06
2019-12-13T11:15:00Z,62.03
2019-12-13T11:30:00Z,62.02
2019-12-13T11:45:00Z,62.03
2019-12-13T12:00:00Z,62.03
2019-12-13T12:15:00Z,62.08
2019-12-13T12:30:00Z,62.09
2019-12-13T12:45:00Z,62.08
2019-12-13T13:00:00Z,61.91
2019-12-13T13:15:00Z,61.94
2019-12-13T13:30:00Z,62.57
2019-12-13T13:45:00Z,62.96
2019-12-13T14:00:00Z,63.29
2019-12-13T14:15:00Z,63.55
2019-12-13T14:30:00Z,63.73
2019-12-13T14:45:00Z,64.02
2019-12-13T15:00:00Z,64.69
2019-12-13T15:15:00Z,64.99
2019-12-13T15:30:00Z,65.35
2019-12-13T15:45:00Z,65.67
2019-12-13T16:00:00Z,66.61
2019-12-13T16:15:00Z,67.02
2019-12-13T16:30:00Z,67.45
2019-12-13T16:45:00Z,68.12
2019-12-13T17:00:00Z,68.77
2019-12-13T17:15:00Z,69.3
2019-12-13T17:30:00Z,69.78
2019-12-13T17:45:00Z,70.22
2019-12-13T18:00:00Z,70.61
2019-12-13T18:15:00Z,70.98
2019-12-13T18:30:00Z,71.25
2019-12-13T18:45:00Z,70.92
2019-12-13T19:00:00Z,70.73
2019-12-13T19:15:00Z,70.87
2019-12-13T19:30:00Z,70.71
2019-12-13T19:45:00Z,70.91
2019-12-13T20:00:00Z,71.32
2019-12-13T20:15:00Z,71.94
2019-12-13T20:30:00Z,72.93
2019-12-13T20:45:00Z,73.5
2019-12-13T21:00:00Z,73.89
2019-12-13T21:15:00Z,74.22
2019-12-13T21:30:00Z,74.53
2019-12-13T21:45:00Z,74.82
2019-12-13T22:00:00Z,74.49
2019-12-13T22:15:00Z,73.67
2019-12-13T22:30:00Z,72.77
2019-12-13T22:45:00Z,72.26
2019-12-13T23:00:00Z,71.89
2019-12-13T23:15:00Z,71.69
2019-12-13T23:30:00Z,71.48
2019-12-13T23:45:00Z,71.36
2019-12-14T00:00:00Z,71.34
2019-12-14T00:15:00Z,71.7
2019-12-14T00:30:00Z,71.33
2019-12-14T00:45:00Z,71.14
2019-12-14T01:00:00Z,71.26
2019-12-14T01:15:00Z,71.13
2019-12-14T01:30:00Z,70.75
2019-12-14T01:45:00Z,70.39
2019-12-14T02:00:00Z,69.74
2019-12-14T02:15:00Z,69.42
2019-12-14T02:30:00Z,69.41
2019-12-14T02:45:00Z,69.28
2019-12-14T03:00:00Z,69.04
2019-12-14T03:15:00Z,68.92
2019-12-14T03:30:00Z,68.79
2019-12-14T03:45:00Z,68.54
2019-12-14T04:00:00Z,68.17
2019-12-14T04:15:00Z,67.79
2019-12-14T04:30:00Z,67.6
2019-12-14T04:45:00Z,67.44
2019-12-14T05:00:00Z,67.27
2019-12-14T05:15:00Z,67.22
2019-12-14T05:30:00Z,67.13
2019-12-14T05:45:00Z,67.02
2019-12-14T06:00:00Z,66.92
2019-12-14T06:15:00Z,66.83
2019-12-14T06:30:00Z,66.74
2019-12-14T06:45:00Z,66.74
2019-12-14T07:00:00Z,66.65
2019-12-14T07:15:00Z,66.63
2019-12-14T07:30:00Z,66.64
2019-12-14T07:45:00Z,66.62
2019-12-14T08:00:00Z,66.58
2019-12-14T08:15:00Z,66.55
2019-12-14T08:30:00Z,66.59
2019-12-14T08:45:00Z,66.54
2019-12-14T09:00:00Z,66.49
2019-12-14T09:15:00Z,66.5
2019-12-14T09:30:00Z,66.49
2019-12-14T09:45:00Z,66.49
2019-12-14T10:00:00Z,66.45
2019-12-14T10:15:00Z,66.44
2019-12-14T10:30:00Z,66.47
2019-12-14T10:45:00Z,66.47
2019-12-14T11:00:00Z,66.42
2019-12-14T11:15:00Z,66.43
2019-12-14T11:30:00Z,66.4
2019-12-14T11:45:00Z,66.31
2019-12-14T12:00:00Z,66.24
2019-12-14T12:15:00Z,66.23
2019-12-14T12:30:00Z,66.19
2019-12-14T12:45:00Z,66.09
2019-12-14T13:00:00Z,66.04
2019-12-14T13:15:00Z,66.1
2019-12-14T13:30:00Z,66.09
2019-12-14T13:45:00Z,66.09
2019-12-14T14:00:00Z,66.16
2019-12-14T14:15:00Z,66.11
2019-12-14T14:30:00Z,66.11
2019-12-14T14:45:00Z,66.11
2019-12-14T15:00:00Z,66.14
2019-12-14T15:15:00Z,66.15
2019-12-14T15:30:00Z,66.17
2019-12-14T15:45:00Z,66.16
2019-12-14T16:00:00Z,66.33
2019-12-14T16:15:00Z,66.59
2019-12-14T16:30:00Z,66.6
2019-12-14T16:45:00Z,66.57
2019-12-14T17:00:00Z,66.67
2019-12-14T17:15:00Z,66.75
2019-12-14T17:30:00Z,67.03
2019-12-14T17:45:00Z,67.05
2019-12-14T18:00:00Z,67.09
2019-12-14T18:15:00Z,67.51
2019-12-14T18:30:00Z,67.71
2019-12-14T18:45:00Z,68.35
2019-12-14T19:00:00Z,67.76
2019-12-14T19:15:00Z,68.47
2019-12-14T19:30:00Z,67.87
2019-12-14T19:45:00Z,68.27
2019-12-14T20:00:00Z,69.36
2019-12-14T20:15:00Z,69.42
2019-12-14T20:30:00Z,69.51
2019-12-14T20:45:00Z,69.28
2019-12-14T21:00:00Z,69.37
2019-12-14T21:15:00Z,68.93
2019-12-14T21:30:00Z,68.75
2019-12-14T21:45:00Z,68.44
2019-12-14T22:00:00Z,68.15
2019-12-14T22:15:00Z,67.45
2019-12-14T22:30:00Z,67.83
2019-12-14T22:45:00Z,68.35
2019-12-14T23:00:00Z,69.04
2019-12-14T23:15:00Z,69.5
2019-12-14T23:30:00Z,69.86
2019-12-14T23:45:00Z,70.95
2019-12-15T00:00:00Z,72.87
2019-12-15T00:15:00Z,72.89
2019-12-15T00:30:00Z,73.78
2019-12-15T00:45:00Z,74.49
2019-12-15T01:00:00Z,75.07
2019-12-15T01:15:00Z,75.54
2019-12-15T01:30:00Z,75.85
2019-12-15T01:45:00Z,76.09
2019-12-15T02:00:00Z,75.63
2019-12-15T02:15:00Z,74.6
2019-12-15T02:30:00Z,73.09
2019-12-15T02:45:00Z,72.61
2019-12-15T03:00:00Z,72.4
2019-12-15T03:15:00Z,72.07
2019-12-15T03:30:00Z,71.82
2019-12-15T03:45:00Z,71.62
2019-12-15T04:00:00Z,71.57
2019-12-15T04:15:00Z,71.11
2019-12-15T04:30:00Z,70.56
2019-12-15T04:45:00Z,70.12
2019-12-15T05:00:00Z,69.66
2019-12-15T05:15:00Z,69.26
2019-12-15T05:30:00Z,68.97
2019-12-15T05:45:00Z,68.65
2019-12-15T06:00:00Z,68.34
2019-12-15T06:15:00Z,68.12
2019-12-15T06:30:00Z,67.86
2019-12-15T06:45:00Z,67.67
2019-12-15T07:00:00Z,67.48
2019-12-15T07:15:00Z,67.28
2019-12-15T07:30:00Z,67.11
2019-12-15T07:45:00Z,66.95
2019-12-15T08:00:00Z,66.82
2019-12-15T08:15:00Z,66.66
2019-12-15T08:30:00Z,66.55
2019-12-15T08:45:00Z,66.48
2019-12-15T09:00:00Z,66.34
2019-12-15T09:15:00Z,66.2
2019-12-15T09:30:00Z,66.1
2019-12-15T09:45:00Z,66.02
2019-12-15T10:00:00Z,65.92
2019-12-15T10:15:00Z,65.82
2019-12-15T10:30:00Z,65.75
2019-12-15T10:45:00Z,65.69
2019-12-15T11:00:00Z,65.59
2019-12-15T11:15:00Z,65.51
2019-12-15T11:30:00Z,65.44
2019-12-15T11:45:00Z,65.36
2019-12-15T12:00:00Z,65.33
2019-12-15T12:15:00Z,65.28
2019-12-15T12:30:00Z,65.31
2019-12-15T12:45:00Z,65.34
2019-12-15T13:00:00Z,65.23
2019-12-15T13:15:00Z,65.24
2019-12-15T13:30:00Z,65.24
2019-12-15T13:45:00Z,65.19
2019-12-15T14:00:00Z,65.19
2019-12-15T14:15:00Z,65.18
2019-12-15T14:30:00Z,65.19
2019-12-15T14:45:00Z,65.17
2019-12-15T15:00:00Z,65.18
2019-12-15T15:15:00Z,65.2
2019-12-15T15:30:00Z,65.29
2019-12-15T15:45:00Z,65.42
2019-12-15T16:00:00Z,65.48
2019-12-15T16:15:00Z,65.62
2019-12-15T16:30:00Z,65.62
2019-12-15T16:45:00Z,65.57
2019-12-15T17:00:00Z,65.2
2019-12-15T17:15:00Z,65.09
2019-12-15T17:30:00Z,65.56
2019-12-15T17:45:00Z,65.94
2019-12-15T18:00:00Z,66.25
2019-12-15T18:15:00Z,66.58
2019-12-15T18:30:00Z,67.62
2019-12-15T18:45:00Z,67.92
2019-12-15T19:00:00Z,68.5
2019-12-15T19:15:00Z,69.23
2019-12-15T19:30:00Z,70.14
2019-12-15T19:45:00Z,71.1
2019-12-15T20:00:00Z,72.47
2019-12-15T20:15:00Z,73.19
2019-12-15T20:30:00Z,73.85
2019-12-15T20:45:00Z,74.32
2019-12-15T21:00:00Z,74.59
2019-12-15T21:15:00Z,74.75
2019-12-15T21:30:00Z,73.87
2019-12-15T21:45:00Z,72.53
2019-12-15T22:00:00Z,71.96
2019-12-15T22:15:00Z,71.23
2019-12-15T22:30:00Z,70.5
2019-12-15T22:45:00Z,69.94
2019-12-15T23:00:00Z,69.49
2019-12-15T23:15:00Z,69.14
2019-12-15T23:30:00Z,68.8
2019-12-15T23:45:00Z,68.48
2019-12-16T00:00:00Z,68.3
2019-12-16T00:15:00Z,68.82
2019-12-16T00:30:00Z,68.82
2019-12-16T00:45:00Z,68.74
2019-12-16T01:00:00Z,68.6
2019-12-16T01:15:00Z,68.4
2019-12-16T01:30:00Z,67.4
2019-12-16T01:45:00Z,66.98
2019-12-16T02:00:00Z,66.78
2019-12-16T02:15:00Z,66.58
2019-12-16T02:30:00Z,66.37
2019-12-16T02:45:00Z,66.16
2019-12-16T03:00:00Z,65.97
2019-12-16T03:15:00Z,65.82
2019-12-16T03:30:00Z,65.66
2019-12-16T03:45:00Z,65.55
2019-12-16T04:00:00Z,65.37
2019-12-16T04:15:00Z,65.22
2019-12-16T04:30:00Z,65.08
2019-12-16T04:45:00Z,65.05
2019-12-16T05:00:00Z,64.88
2019-12-16T05:15:00Z,64.81
2019-12-16T05:30:00Z,64.68
2019-12-16T05:45:00Z,64.59
2019-12-16T06:00:00Z,64.47
2019-12-16T06:15:00Z,64.39
2019-12-16T06:30:00Z,64.35
2019-12-16T06:45:00Z,64.26
2019-12-16T07:00:00Z,64.11
2019-12-16T07:15:00Z,63.93
2019-12-16T07:30:00Z,63.75
2019-12-16T07:45:00Z,63.59
2019-12-16T08:00:00Z,63.38
2019-12-16T08:15:00Z,63.22
2019-12-16T08:30:00Z,63.13
2019-12-16T08:45:00Z,63.05
2019-12-16T09:00:00Z,63.03
2019-12-16T09:15:00Z,62.93
2019-12-16T09:30:00Z,62.87
2019-12-16T09:45:00Z,62.79
2019-12-16T10:00:00Z,62.7
2019-12-16T10:15:00Z,62.63
2019-12-16T10:30:00Z,62.48
2019-12-16T10:45:00Z,62.44
2019-12-16T11:00:00Z,62.38
2019-12-16T11:15:00Z,62.32
2019-12-16T11:30:00Z,62.28
2019-12-16T11:45:00Z,62.22
2019-12-16T12:00:00Z,62.18
2019-12-16T12:15:00Z,62.23
2019-12-16T12:30:00Z,62.17
2019-12-16T12:45:00Z,62.08
2019-12-16T13:00:00Z,61.79
2019-12-16T13:15:00Z,61.76
2019-12-16T13:30:00Z,62.51
2019-12-16T13:45:00Z,62.97
2019-12-16T14:00:00Z,63.5
2019-12-16T14:15:00Z,64.96
2019-12-16T14:30:00Z,65.83
2019-12-16T14:45:00Z,66.32
2019-12-16T15:00:00Z,66.6
2019-12-16T15:15:00Z,66.69
2019-12-16T15:30:00Z,66.55
2019-12-16T15:45:00Z,66.78
2019-12-16T16:00:00Z,67.41
2019-12-16T16:15:00Z,67.78
2019-12-16T16:30:00Z,67.95
2019-12-16T16:45:00Z,68.0
2019-12-16T17:00:00Z,68.25
2019-12-16T17:15:00Z,67.76
2019-12-16T17:30:00Z,65.69
2019-12-16T17:45:00Z,65.0
2019-12-16T18:00:00Z,64.69
2019-12-16T18:15:00Z,64.46
2019-12-16T18:30:00Z,64.23
2019-12-16T18:45:00Z,64.09
2019-12-16T19:00:00Z,63.94
2019-12-16T19:15:00Z,63.72
2019-12-16T19:30:00Z,63.64
2019-12-16T19:45:00Z,63.55
2019-12-16T20:00:00Z,63.43
2019-12-16T20:15:00Z,63.34
2019-12-16T20:30:00Z,63.26
2019-12-16T20:45:00Z,63.1
2019-12-16T21:00:00Z,63.05
2019-12-16T21:15:00Z,63.05
2019-12-16T21:30:00Z,63.05
2019-12-16T21:45:00Z,62.77
2019-12-16T22:00:00Z,62.72
2019-12-16T22:15:00Z,63.37
2019-12-16T22:30:00Z,63.88
2019-12-16T22:45:00Z,64.4
2019-12-16T23:00:00Z,64.66
2019-12-16T23:15:00Z,64.84
2019-12-16T23:30:00Z,64.91
2019-12-16T23:45:00Z,64.85
2019-12-17T00:00:00Z,64.73
2019-12-17T00:15:00Z,65.21
2019-12-17T00:30:00Z,65.47
2019-12-17T00:45:00Z,65.71
2019-12-17T01:00:00Z,65.92
2019-12-17T01:15:00Z,65.96
2019-12-17T01:30:00Z,66.06
2019-12-17T01:45:00Z,66.19
2019-12-17T02:00:00Z,66.26
2019-12-17T02:15:00Z,66.4
2019-12-17T02:30:00Z,66.5
2019-12-17T02:45:00Z,66.56
2019-12-17T03:00:00Z,66.61
2019-12-17T03:15:00Z,66.66
2019-12-17T03:30:00Z,66.68
2019-12-17T03:45:00Z,66.7
2019-12-17T04:00:00Z,66.59
2019-12-17T04:15:00Z,66.52
2019-12-17T04:30:00Z,66.55
2019-12-17T04:45:00Z,66.48
2019-12-17T05:00:00Z,66.38
2019-12-17T05:15:00Z,65.67
2019-12-17T05:30:00Z,65.02
2019-12-17T05:45:00Z,64.56
2019-12-17T06:00:00Z,64.27
2019-12-17T06:15:00Z,64.07
2019-12-17T06:30:00Z,63.82
2019-12-17T06:45:00Z,63.65
2019-12-17T07:00:00Z,63.49
2019-12-17T07:15:00Z,63.24
2019-12-17T07:30:00Z,63.0
2019-12-17T07:45:00Z,62.83
2019-12-17T08:00:00Z,62.7
2019-12-17T08:15:00Z,62.45
2019-12-17T08:30:00Z,62.24
2019-12-17T08:45:00Z,62.05
2019-12-17T09:00:00Z,61.88
2019-12-17T09:15:00Z,61.79
2019-12-17T09:30:00Z,61.63
2019-12-17T09:45:00Z,61.55
2019-12-17T10:00:00Z,61.43
2019-12-17T10:15:00Z,61.38
2019-12-17T10:30:00Z,61.32
2019-12-17T10:45:00Z,61.22
2019-12-17T11:00:00Z,61.13
2019-12-17T11:15:00Z,61.06
2019-12-17T11:30:00Z,60.91
2019-12-17T11:45:00Z,60.87
2019-12-17T12:00:00Z,60.72
2019-12-17T12:15:00Z,60.65
2019-12-17T12:30:00Z,60.53
2019-12-17T12:45:00Z,60.53
2019-12-17T13:00:00Z,60.17
2019-12-17T13:15:00Z,60.47
2019-12-17T13:30:00Z,61.21
2019-12-17T13:45:00Z,61.71
2019-12-17T14:00:00Z,62.2
2019-12-17T14:15:00Z,62.62
2019-12-17T14:30:00Z,62.93
2019-12-17T14:45:00Z,63.17
2019-12-17T15:00:00Z,63.34
2019-12-17T15:15:00Z,63.63
2019-12-17T15:30:00Z,63.82
2019-12-17T15:45:00Z,64.06
2019-12-17T16:00:00Z,64.55
2019-12-17T16:15:00Z,65.59
2019-12-17T16:30:00Z,64.66
2019-12-17T16:45:00Z,64.7
2019-12-17T17:00:00Z,64.7
2019-12-17T17:15:00Z,64.88
2019-12-17T17:30:00Z,64.89
2019-12-17T17:45:00Z,64.94
2019-12-17T18:00:00Z,65.05
2019-12-17T18:15:00Z,65.09
2019-12-17T18:30:00Z,65.21
2019-12-17T18:45:00Z,65.14
2019-12-17T19:00:00Z,65.51
2019-12-17T19:15:00Z,65.48
2019-12-17T19:30:00Z,65.46
2019-12-17T19:45:00Z,65.32
2019-12-17T20:00:00Z,66.4
2019-12-17T20:15:00Z,67.33
2019-12-17T20:30:00Z,67.62
2019-12-17T20:45:00Z,67.93
2019-12-17T21:00:00Z,68.02
2019-12-17T21:15:00Z,68.2
2019-12-17T21:30:00Z,68.95
2019-12-17T21:45:00Z,68.52
2019-12-17T22:00:00Z,67.95
2019-12-17T22:15:00Z,67.53
2019-12-17T22:30:00Z,67.33
2019-12-17T22:45:00Z,67.19
2019-12-17T23:00:00Z,67.15
2019-12-17T23:15:00Z,67.09
2019-12-17T23:30:00Z,66.99
2019-12-17T23:45:00Z,66.86
2019-12-18T00:00:00Z,66.85
2019-12-18T00:15:00Z,65.97
2019-12-18T00:30:00Z,65.06
2019-12-18T00:45:00Z,64.95
2019-12-18T01:00:00Z,64.87
2019-12-18T01:15:00Z,64.7
2019-12-18T01:30:00Z,64.63
2019-12-18T01:45:00Z,64.58
2019-12-18T02:00:00Z,64.67
2019-12-18T02:15:00Z,64.59
2019-12-18T02:30:00Z,64.58
2019-12-18T02:45:00Z,64.54
2019-12-18T03:00:00Z,64.48
2019-12-18T03:15:00Z,64.46
2019-12-18T03:30:00Z,64.48
2019-12-18T03:45:00Z,64.53
2019-12-18T04:00:00Z,64.53
2019-12-18T04:15:00Z,64.62
2019-12-18T04:30:00Z,64.57
2019-12-18T04:45:00Z,64.57
2019-12-18T05:00:00Z,64.49
2019-12-18T05:15:00Z,63.93
2019-12-18T05:30:00Z,63.56
2019-12-18T05:45:00Z,63.19
2019-12-18T06:00:00Z,62.84
2019-12-18T06:15:00Z,62.63
2019-12-18T06:30:00Z,62.37
2019-12-18T06:45:00Z,62.09
2019-12-18T07:00:00Z,62.0
2019-12-18T07:15:00Z,61.73
2019-12-18T07:30:00Z,61.55
2019-12-18T07:45:00Z,61.34
2019-12-18T08:00:00Z,61.15
2019-12-18T08:15:00Z,60.96
2019-12-18T08:30:00Z,60.86
2019-12-18T08:45:00Z,60.73
2019-12-18T09:00:00Z,60.57
2019-12-18T09:15:00Z,60.48
2019-12-18T09:30:00Z,60.32
2019-12-18T09:45:00Z,60.11
2019-12-18T10:00:00Z,60.44
2019-12-18T10:15:00Z,60.7
2019-12-18T10:30:00Z,60.93
2019-12-18T10:45:00Z,61.07
2019-12-18T11:00:00Z,61.16
2019-12-18T11:15:00Z,61.29
2019-12-18T11:30:00Z,61.46
2019-12-18T11:45:00Z,61.49
2019-12-18T12:00:00Z,61.59
2019-12-18T12:15:00Z,61.7
2019-12-18T12:30:00Z,61.78
2019-12-18T12:45:00Z,61.91
2019-12-18T13:00:00Z,61.91
2019-12-18T13:15:00Z,62.01
2019-12-18T13:30:00Z,41.41
2019-12-18T13:45:00Z,0.0
2019-12-18T14:00:00Z,0.0
2019-12-18T14:15:00Z,0.0
2019-12-18T14:30:00Z,0.0
2019-12-18T14:45:00Z,0.0
2019-12-18T15:00:00Z,41.62
2019-12-18T15:15:00Z,62.23
2019-12-18T15:30:00Z,62.07
2019-12-18T15:45:00Z,61.93
2019-12-18T16:00:00Z,61.81
2019-12-18T16:15:00Z,61.62
2019-12-18T16:30:00Z,61.49
2019-12-18T16:45:00Z,61.36
2019-12-18T17:00:00Z,61.32
2019-12-18T17:15:00Z,61.39
2019-12-18T17:30:00Z,61.28
2019-12-18T17:45:00Z,61.22
2019-12-18T18:00:00Z,61.07
2019-12-18T18:15:00Z,61.06
2019-12-18T18:30:00Z,60.92
2019-12-18T18:45:00Z,60.95
2019-12-18T19:00:00Z,60.88
2019-12-18T19:15:00Z,60.91
2019-12-18T19:30:00Z,60.88
2019-12-18T19:45:00Z,60.83
2019-12-18T20:00:00Z,60.75
2019-12-18T20:15:00Z,60.73
2019-12-18T20:30:00Z,60.72
2019-12-18T20:45:00Z,60.76
2019-12-18T21:00:00Z,60.65
2019-12-18T21:15:00Z,60.58
2019-12-18T21:30:00Z,60.34
2019-12-18T21:45:00Z,60.11
2019-12-18T22:00:00Z,60.38
2019-12-18T22:15:00Z,61.05
2019-12-18T22:30:00Z,61.3
2019-12-18T22:45:00Z,61.49
2019-12-18T23:00:00Z,61.58
2019-12-18T23:15:00Z,61.79
2019-12-18T23:30:00Z,61.85
2019-12-18T23:45:00Z,61.96
2019-12-19T00:00:00Z,62.01
2019-12-19T00:15:00Z,62.13
2019-12-19T00:30:00Z,62.18
2019-12-19T00:45:00Z,62.21
2019-12-19T01:00:00Z,62.25
2019-12-19T01:15:00Z,62.18
2019-12-19T01:30:00Z,62.06
2019-12-19T01:45:00Z,61.95
2019-12-19T02:00:00Z,61.85
2019-12-19T02:15:00Z,61.77
2019-12-19T02:30:00Z,61.77
2019-12-19T02:45:00Z,61.71
2019-12-19T03:00:00Z,61.6
2019-12-19T03:15:00Z,61.55
2019-12-19T03:30:00Z,61.39
2019-12-19T03:45:00Z,61.4
2019-12-19T04:00:00Z,61.25
2019-12-19T04:15:00Z,61.16
2019-12-19T04:30:00Z,61.0
2019-12-19T04:45:00Z,60.79
2019-12-19T05:00:00Z,60.39
2019-12-19T05:15:00Z,60.08
2019-12-19T05:30:00Z,59.84
2019-12-19T05:45:00Z,59.61
2019-12-19T06:00:00Z,59.31
2019-12-19T06:15:00Z,58.9
2019-12-19T06:30:00Z,58.81
2019-12-19T06:45:00Z,58.69
2019-12-19T07:00:00Z,58.36
2019-12-19T07:15:00Z,58.04
2019-12-19T07:30:00Z,57.79
2019-12-19T07:45:00Z,57.58
2019-12-19T08:00:00Z,57.23
2019-12-19T08:15:00Z,57.09
2019-12-19T08:30:00Z,57.04
2019-12-19T08:45:00Z,56.85
2019-12-19T09:00:00Z,56.75
2019-12-19T09:15:00Z,56.62
2019-12-19T09:30:00Z,56.5
2019-12-19T09:45:00Z,56.46
2019-12-19T10:00:00Z,56.43
2019-12-19T10:15:00Z,56.24
2019-12-19T10:30:00Z,56.21
2019-12-19T10:45:00Z,56.08
2019-12-19T11:00:00Z,55.99
2019-12-19T11:15:00Z,55.84
2019-12-19T11:30:00Z,55.85
2019-12-19T11:45:00Z,55.9
2019-12-19T12:00:00Z,55.92
2019-12-19T12:15:00Z,55.89
2019-12-19T12:30:00Z,55.97
2019-12-19T12:45:00Z,56.0
2019-12-19T13:00:00Z,56.09
2019-12-19T13:15:00Z,55.93
2019-12-19T13:30:00Z,55.93
2019-12-19T13:45:00Z,55.83
2019-12-19T14:00:00Z,55.83
2019-12-19T14:15:00Z,55.77
2019-12-19T14:30:00Z,55.67
2019-12-19T14:45:00Z,55.6
2019-12-19T15:00:00Z,55.78
2019-12-19T15:15:00Z,56.02
2019-12-19T15:30:00Z,56.19
2019-12-19T15:45:00Z,56.3
2019-12-19T16:00:00Z,56.37
2019-12-19T16:15:00Z,56.47
2019-12-19T16:30:00Z,56.41
2019-12-19T16:45:00Z,56.43
2019-12-19T17:00:00Z,56.56
2019-12-19T17:15:00Z,56.55
2019-12-19T17:30:00Z,56.69
2019-12-19T17:45:00Z,56.73
2019-12-19T18:00:00Z,56.85
2019-12-19T18:15:00Z,56.98
2019-12-19T18:30:00Z,57.08
2019-12-19T18:45:00Z,57.3
2019-12-19T19:00:00Z,57.32
2019-12-19T19:15:00Z,57.39
2019-12-19T19:30:00Z,57.47
2019-12-19T19:45:00Z,57.46
2019-12-19T20:00:00Z,57.53
2019-12-19T20:15:00Z,57.63
2019-12-19T20:30:00Z,57.71
2019-12-19T20:45:00Z,57.66
2019-12-19T21:00:00Z,57.83
2019-12-19T21:15:00Z,58.03
2019-12-19T21:30:00Z,57.85
2019-12-19T21:45:00Z,57.93
2019-12-19T22:00:00Z,58.01
2019-12-19T22:15:00Z,58.0
2019-12-19T22:30:00Z,58.08
2019-12-19T22:45:00Z,58.14
2019-12-19T23:00:00Z,58.13
2019-12-19T23:15:00Z,58.08
2019-12-19T23:30:00Z,58.22
2019-12-19T23:45:00Z,58.2
2019-12-20T00:00:00Z,58.34
2019-12-20T00:15:00Z,58.39
2019-12-20T00:30:00Z,58.41
2019-12-20T00:45:00Z,58.32
2019-12-20T01:00:00Z,58.26
2019-12-20T01:15:00Z,58.23
2019-12-20T01:30:00Z,58.16
2019-12-20T01:45:00Z,58.16
2019-12-20T02:00:00Z,58.11
2019-12-20T02:15:00Z,58.09
2019-12-20T02:30:00Z,58.16
2019-12-20T02:45:00Z,58.13
2019-12-20T03:00:00Z,58.11
2019-12-20T03:15:00Z,58.13
2019-12-20T03:30:00Z,58.2
2019-12-20T03:45:00Z,58.21
2019-12-20T04:00:00Z,58.16
2019-12-20T04:15:00Z,58.13
2019-12-20T04:30:00Z,58.08
2019-12-20T04:45:00Z,57.99
2019-12-20T05:00:00Z,57.97
2019-12-20T05:15:00Z,57.96
2019-12-20T05:30:00Z,57.84
2019-12-20T05:45:00Z,57.81
2019-12-20T06:00:00Z,57.78
2019-12-20T06:15:00Z,57.72
2019-12-20T06:30:00Z,57.62
2019-12-20T06:45:00Z,57.6
2019-12-20T07:00:00Z,57.62
2019-12-20T07:15:00Z,57.36
2019-12-20T07:30:00Z,57.36
2019-12-20T07:45:00Z,57.36
2019-12-20T08:00:00Z,57.36
2019-12-20T08:15:00Z,57.36
2019-12-20T08:30:00Z,57.46
2019-12-20T08:45:00Z,57.4
2019-12-20T09:00:00Z,57.32
2019-12-20T09:15:00Z,57.35
2019-12-20T09:30:00Z,57.46
2019-12-20T09:45:00Z,57.42
2019-12-20T10:00:00Z,57.37
2019-12-20T10:15:00Z,57.46
2019-12-20T10:30:00Z,57.53
2019-12-20T10:45:00Z,57.43
2019-12-20T11:00:00Z,57.3
2019-12-20T11:15:00Z,57.14
2019-12-20T11:30:00Z,57.07
2019-12-20T11:45:00Z,56.99
2019-12-20T12:00:00Z,57.03
2019-12-20T12:15:00Z,57.03
2019-12-20T12:30:00Z,57.09
2019-12-20T12:45:00Z,57.09
2019-12-20T13:00:00Z,57.09
2019-12-20T13:15:00Z,57.25
2019-12-20T13:30:00Z,57.5
2019-12-20T13:45:00Z,57.59
2019-12-20T14:00:00Z,57.65
2019-12-20T14:15:00Z,57.75
2019-12-20T14:30:00Z,57.8
2019-12-20T14:45:00Z,57.79
2019-12-20T15:00:00Z,57.8
2019-12-20T15:15:00Z,57.95
2019-12-20T15:30:00Z,57.96
2019-12-20T15:45:00Z,58.03
2019-12-20T16:00:00Z,58.05
2019-12-20T16:15:00Z,58.16
2019-12-20T16:30:00Z,58.17
2019-12-20T16:45:00Z,58.28
2019-12-20T17:00:00Z,58.33
2019-12-20T17:15:00Z,58.4
2019-12-20T17:30:00Z,58.59
2019-12-20T17:45:00Z,58.67
2019-12-20T18:00:00Z,58.78
2019-12-20T18:15:00Z,58.81
2019-12-20T18:30:00Z,58.88
2019-12-20T18:45:00Z,58.99
2019-12-20T19:00:00Z,58.99
2019-12-20T19:15:00Z,59.1
2019-12-20T19:30:00Z,59.18
2019-12-20T19:45:00Z,59.27
2019-12-20T20:00:00Z,59.36
2019-12-20T20:15:00Z,59.44
2019-12-20T20:30:00Z,59.56
2019-12-20T20:45:00Z,59.61
2019-12-20T21:00:00Z,59.69
2019-12-20T21:15:00Z,59.76
2019-12-20T21:30:00Z,59.89
2019-12-20T21:45:00Z,59.94
2019-12-20T22:00:00Z,60.1
2019-12-20T22:15:00Z,60.18
2019-12-20T22:30:00Z,60.24
2019-12-20T22:45:00Z,60.31
2019-12-20T23:00:00Z,60.4
2019-12-20T23:15:00Z,60.47
2019-12-20T23:30:00Z,60.45
2019-12-20T23:45:00Z,60.36
2019-12-21T00:00:00Z,60.4
2019-12-21T00:15:00Z,60.31
2019-12-21T00:30:00Z,60.3
2019-12-21T00:45:00Z,60.13
2019-12-21T01:00:00Z,59.97
2019-12-21T01:15:00Z,59.78
2019-12-21T01:30:00Z,59.74
2019-12-21T01:45:00Z,59.71
2019-12-21T02:00:00Z,59.64
2019-12-21T02:15:00Z,59.54
2019-12-21T02:30:00Z,59.66
2019-12-21T02:45:00Z,59.59
2019-12-21T03:00:00Z,59.56
2019-12-21T03:15:00Z,59.52
2019-12-21T03:30:00Z,59.45
2019-12-21T03:45:00Z,59.44
2019-12-21T04:00:00Z,59.39
2019-12-21T04:15:00Z,59.37
2019-12-21T04:30:00Z,59.16
2019-12-21T04:45:00Z,59.06
2019-12-21T05:00:00Z,58.95
2019-12-21T05:15:00Z,58.81
2019-12-21T05:30:00Z,58.63
2019-12-21T05:45:00Z,58.66
2019-12-21T06:00:00Z,58.65
2019-12-21T06:15:00Z,58.58
2019-12-21T06:30:00Z,58.61
2019-12-21T06:45:00Z,58.44
2019-12-21T07:00:00Z,58.36
2019-12-21T07:15:00Z,58.05
2019-12-21T07:30:00Z,57.82
2019-12-21T07:45:00Z,57.7
2019-12-21T08:00:00Z,57.63
2019-12-21T08:15:00Z,57.51
2019-12-21T08:30:00Z,57.4
2019-12-21T08:45:00Z,57.21
2019-12-21T09:00:00Z,57.18
2019-12-21T09:15:00Z,57.05
2019-12-21T09:30:00Z,56.99
2019-12-21T09:45:00Z,56.97
2019-12-21T10:00:00Z,56.86
2019-12-21T10:15:00Z,56.79
2019-12-21T10:30:00Z,56.89
2019-12-21T10:45:00Z,57.04
2019-12-21T11:00:00Z,56.94
2019-12-21T11:15:00Z,56.91
2019-12-21T11:30:00Z,56.94
2019-12-21T11:45:00Z,56.89
2019-12-21T12:00:00Z,57.0
2019-12-21T12:15:00Z,56.93
2019-12-21T12:30:00Z,56.98
2019-12-21T12:45:00Z,56.96
2019-12-21T13:00:00Z,56.93
2019-12-21T13:15:00Z,56.98
2019-12-21T13:30:00Z,57.09
2019-12-21T13:45:00Z,57.15
2019-12-21T14:00:00Z,57.21
2019-12-21T14:15:00Z,57.26
2019-12-21T14:30:00Z,57.38
2019-12-21T14:45:00Z,57.53
2019-12-21T15:00:00Z,57.61
2019-12-21T15:15:00Z,57.86
2019-12-21T15:30:00Z,58.09
2019-12-21T15:45:00Z,58.29
2019-12-21T16:00:00Z,58.34
2019-12-21T16:15:00Z,58.34
2019-12-21T16:30:00Z,58.54
2019-12-21T16:45:00Z,58.56
2019-12-21T17:00:00Z,58.68
2019-12-21T17:15:00Z,58.77
2019-12-21T17:30:00Z,58.66
2019-12-21T17:45:00Z,58.73
2019-12-21T18:00:00Z,58.88
2019-12-21T18:15:00Z,58.89
2019-12-21T18:30:00Z,59.05
2019-12-21T18:45:00Z,59.27
2019-12-21T19:00:00Z,59.51
2019-12-21T19:15:00Z,59.66
2019-12-21T19:30:00Z,59.74
2019-12-21T19:45:00Z,59.82
2019-12-21T20:00:00Z,59.88
2019-12-21T20:15:00Z,60.03
2019-12-21T20:30:00Z,60.11
2019-12-21T20:45:00Z,60.2
2019-12-21T21:00:00Z,60.15
2019-12-21T21:15:00Z,60.16
2019-12-21T21:30:00Z,60.23
2019-12-21T21:45:00Z,60.23
2019-12-21T22:00:00Z,60.29
2019-12-21T22:15:00Z,60.26
2019-12-21T22:30:00Z,60.35
2019-12-21T22:45:00Z,60.41
2019-12-21T23:00:00Z,60.48
2019-12-21T23:15:00Z,60.66
2019-12-21T23:30:00Z,60.75
2019-12-21T23:45:00Z,60.84
2019-12-22T00:00:00Z,61.28
2019-12-22T00:15:00Z,61.28
2019-12-22T00:30:00Z,60.55
2019-12-22T00:45:00Z,60.61
2019-12-22T01:00:00Z,60.61
2019-12-22T01:15:00Z,60.63
2019-12-22T01:30:00Z,60.65
2019-12-22T01:45:00Z,60.66
2019-12-22T02:00:00Z,60.67
2019-12-22T02:15:00Z,60.67
2019-12-22T02:30:00Z,60.71
2019-12-22T02:45:00Z,60.71
2019-12-22T03:00:00Z,60.72
2019-12-22T03:15:00Z,60.58
2019-12-22T03:30:00Z,60.55
2019-12-22T03:45:00Z,60.6
2019-12-22T04:00:00Z,60.62
2019-12-22T04:15:00Z,60.66
2019-12-22T04:30:00Z,60.68
2019-12-22T04:45:00Z,60.74
2019-12-22T05:00:00Z,60.73
2019-12-22T05:15:00Z,60.68
2019-12-22T05:30:00Z,60.63
2019-12-22T05:45:00Z,60.63
2019-12-22T06:00:00Z,60.61
2019-12-22T06:15:00Z,60.56
2019-12-22T06:30:00Z,60.54
2019-12-22T06:45:00Z,60.54
2019-12-22T07:00:00Z,60.37
2019-12-22T07:15:00Z,60.27
2019-12-22T07:30:00Z,60.14
2019-12-22T07:45:00Z,60.15
2019-12-22T08:00:00Z,60.12
2019-12-22T08:15:00Z,59.98
2019-12-22T08:30:00Z,59.9
2019-12-22T08:45:00Z,59.84
2019-12-22T09:00:00Z,59.8
2019-12-22T09:15:00Z,59.66
2019-12-22T09:30:00Z,59.61
2019-12-22T09:45:00Z,59.61
2019-12-22T10:00:00Z,59.62
2019-12-22T10:15:00Z,59.63
2019-12-22T10:30:00Z,59.61
2019-12-22T10:45:00Z,59.64
2019-12-22T11:00:00Z,59.55
2019-12-22T11:15:00Z,59.47
2019-12-22T11:30:00Z,59.41
2019-12-22T11:45:00Z,59.32
2019-12-22T12:00:00Z,59.28
2019-12-22T12:15:00Z,59.36
2019-12-22T12:30:00Z,59.39
2019-12-22T12:45:00Z,59.41
2019-12-22T13:00:00Z,59.44
2019-12-22T13:15:00Z,59.5
2019-12-22T13:30:00Z,59.44
2019-12-22T13:45:00Z,59.49
2019-12-22T14:00:00Z,59.54
2019-12-22T14:15:00Z,59.63
2019-12-22T14:30:00Z,59.65
2019-12-22T14:45:00Z,59.66
2019-12-22T15:00:00Z,59.68
2019-12-22T15:15:00Z,59.8
2019-12-22T15:30:00Z,59.89
2019-12-22T15:45:00Z,60.06
2019-12-22T16:00:00Z,60.26
2019-12-22T16:15:00Z,60.42
2019-12-22T16:30:00Z,60.61
2019-12-22T16:45:00Z,60.76
2019-12-22T17:00:00Z,60.89
2019-12-22T17:15:00Z,61.02
2019-12-22T17:30:00Z,61.23
2019-12-22T17:45:00Z,61.41
2019-12-22T18:00:00Z,61.54
2019-12-22T18:15:00Z,61.79
2019-12-22T18:30:00Z,61.93
2019-12-22T18:45:00Z,62.09
2019-12-22T19:00:00Z,62.27
2019-12-22T19:15:00Z,62.4
2019-12-22T19:30:00Z,62.51
2019-12-22T19:45:00Z,62.61
2019-12-22T20:00:00Z,62.67
2019-12-22T20:15:00Z,62.77
2019-12-22T20:30:00Z,63.12
2019-12-22T20:45:00Z,62.75
2019-12-22T21:00:00Z,62.55
2019-12-22T21:15:00Z,62.25
2019-12-22T21:30:00Z,62.17
2019-12-22T21:45:00Z,62.07
2019-12-22T22:00:00Z,61.98
2019-12-22T22:15:00Z,61.72
2019-12-22T22:30:00Z,61.68
2019-12-22T22:45:00Z,61.64
2019-12-22T23:00:00Z,61.57
2019-12-22T23:15:00Z,61.48
2019-12-22T23:30:00Z,61.37
2019-12-22T23:45:00Z,61.37
2019-12-23T00:00:00Z,61.36
2019-12-23T00:15:00Z,61.32
2019-12-23T00:30:00Z,61.16
2019-12-23T00:45:00Z,61.11
2019-12-23T01:00:00Z,61.2
2019-12-23T01:15:00Z,61.12
2019-12-23T01:30:00Z,61.05
2019-12-23T01:45:00Z,60.95
2019-12-23T02:00:00Z,60.89
2019-12-23T02:15:00Z,60.81
2019-12-23T02:30:00Z,60.77
2019-12-23T02:45:00Z,60.65
2019-12-23T03:00:00Z,60.68
2019-12-23T03:15:00Z,60.34
2019-12-23T03:30:00Z,60.28
2019-12-23T03:45:00Z,60.21
2019-12-23T04:00:00Z,60.18
2019-12-23T04:15:00Z,60.06
2019-12-23T04:30:00Z,60.27
2019-12-23T04:45:00Z,60.79
2019-12-23T05:00:00Z,61.11
2019-12-23T05:15:00Z,61.39
2019-12-23T05:30:00Z,61.68
2019-12-23T05:45:00Z,61.82
2019-12-23T06:00:00Z,62.02
2019-12-23T06:15:00Z,62.19
2019-12-23T06:30:00Z,62.36
2019-12-23T06:45:00Z,62.53
2019-12-23T07:00:00Z,62.63
2019-12-23T07:15:00Z,62.67
2019-12-23T07:30:00Z,62.68
2019-12-23T07:45:00Z,62.73
2019-12-23T08:00:00Z,62.75
2019-12-23T08:15:00Z,62.85
2019-12-23T08:30:00Z,62.84
2019-12-23T08:45:00Z,62.75
2019-12-23T09:00:00Z,62.05
2019-12-23T09:15:00Z,61.67
2019-12-23T09:30:00Z,61.38
2019-12-23T09:45:00Z,61.13
2019-12-23T10:00:00Z,60.99
2019-12-23T10:15:00Z,60.81
2019-12-23T10:30:00Z,60.68
2019-12-23T10:45:00Z,60.57
2019-12-23T11:00:00Z,60.53
2019-12-23T11:15:00Z,60.45
2019-12-23T11:30:00Z,60.41
2019-12-23T11:45:00Z,60.34
2019-12-23T12:00:00Z,60.27
2019-12-23T12:15:00Z,60.24
2019-12-23T12:30:00Z,60.33
2019-12-23T12:45:00Z,60.27
2019-12-23T13:00:00Z,60.26
2019-12-23T13:15:00Z,60.63
2019-12-23T13:30:00Z,61.11
2019-12-23T13:45:00Z,61.43
2019-12-23T14:00:00Z,61.69
2019-12-23T14:15:00Z,62.0
2019-12-23T14:30:00Z,62.17
2019-12-23T14:45:00Z,62.4
2019-12-23T15:00:00Z,62.75
2019-12-23T15:15:00Z,63.74
2019-12-23T15:30:00Z,64.1
2019-12-23T15:45:00Z,64.19
2019-12-23T16:00:00Z,64.35
2019-12-23T16:15:00Z,64.89
2019-12-23T16:30:00Z,65.07
2019-12-23T16:45:00Z,65.26
2019-12-23T17:00:00Z,66.1
2019-12-23T17:15:00Z,67.06
2019-12-23T17:30:00Z,67.94
2019-12-23T17:45:00Z,68.79
2019-12-23T18:00:00Z,69.33
2019-12-23T18:15:00Z,69.76
2019-12-23T18:30:00Z,70.38
2019-12-23T18:45:00Z,70.75
2019-12-23T19:00:00Z,70.84
2019-12-23T19:15:00Z,70.97
2019-12-23T19:30:00Z,71.16
2019-12-23T19:45:00Z,70.63
2019-12-23T20:00:00Z,70.07
2019-12-23T20:15:00Z,69.71
2019-12-23T20:30:00Z,69.48
2019-12-23T20:45:00Z,69.33
2019-12-23T21:00:00Z,69.13
2019-12-23T21:15:00Z,69.02
2019-12-23T21:30:00Z,68.88
2019-12-23T21:45:00Z,68.76
2019-12-23T22:00:00Z,68.67
2019-12-23T22:15:00Z,68.63
2019-12-23T22:30:00Z,68.58
2019-12-23T22:45:00Z,68.49
2019-12-23T23:00:00Z,68.19
2019-12-23T23:15:00Z,68.05
2019-12-23T23:30:00Z,68.0
2019-12-23T23:45:00Z,67.93
2019-12-24T00:00:00Z,67.91
2019-12-24T00:15:00Z,67.85
2019-12-24T00:30:00Z,67.79
2019-12-24T00:45:00Z,67.75
2019-12-24T01:00:00Z,67.8
2019-12-24T01:15:00Z,68.42
2019-12-24T01:30:00Z,67.0
2019-12-24T01:45:00Z,66.55
2019-12-24T02:00:00Z,66.3
2019-12-24T02:15:00Z,66.02
2019-12-24T02:30:00Z,65.83
2019-12-24T02:45:00Z,65.67
2019-12-24T03:00:00Z,65.54
2019-12-24T03:15:00Z,65.38
2019-12-24T03:30:00Z,65.26
2019-12-24T03:45:00Z,65.16
2019-12-24T04:00:00Z,64.97
2019-12-24T04:15:00Z,64.85
2019-12-24T04:30:00Z,64.65
2019-12-24T04:45:00Z,64.42
2019-12-24T05:00:00Z,64.32
2019-12-24T05:15:00Z,64.22
2019-12-24T05:30:00Z,64.19
2019-12-24T05:45:00Z,64.12
2019-12-24T06:00:00Z,63.99
2019-12-24T06:15:00Z,63.94
2019-12-24T06:30:00Z,63.86
2019-12-24T06:45:00Z,63.75
2019-12-24T07:00:00Z,63.68
2019-12-24T07:15:00Z,63.45
2019-12-24T07:30:00Z,63.37
2019-12-24T07:45:00Z,63.24
2019-12-24T08:00:00Z,63.26
2019-12-24T08:15:00Z,63.24
2019-12-24T08:30:00Z,63.26
2019-12-24T08:45:00Z,63.27
2019-12-24T09:00:00Z,63.23
2019-12-24T09:15:00Z,63.2
2019-12-24T09:30:00Z,63.18
2019-12-24T09:45:00Z,63.15
2019-12-24T10:00:00Z,63.12
2019-12-24T10:15:00Z,63.01
2019-12-24T10:30:00Z,62.88
2019-12-24T10:45:00Z,62.86
2019-12-24T11:00:00Z,62.81
2019-12-24T11:15:00Z,62.88
2019-12-24T11:30:00Z,62.75
2019-12-24T11:45:00Z,62.59
2019-12-24T12:00:00Z,62.57
2019-12-24T12:15:00Z,62.53
2019-12-24T12:30:00Z,62.49
2019-12-24T12:45:00Z,62.37
2019-12-24T13:00:00Z,62.32
2019-12-24T13:15:00Z,62.43
2019-12-24T13:30:00Z,62.14
2019-12-24T13:45:00Z,62.0
2019-12-24T14:00:00Z,62.07
2019-12-24T14:15:00Z,62.31
2019-12-24T14:30:00Z,62.28
2019-12-24T14:45:00Z,62.19
2019-12-24T15:00:00Z,62.17
2019-12-24T15:15:00Z,62.25
2019-12-24T15:30:00Z,62.28
2019-12-24T15:45:00Z,62.33
2019-12-24T16:00:00Z,62.35
2019-12-24T16:15:00Z,62.23
2019-12-24T16:30:00Z,62.26
2019-12-24T16:45:00Z,62.28
2019-12-24T17:00:00Z,62.29
2019-12-24T17:15:00Z,62.33
2019-12-24T17:30:00Z,62.46
2019-12-24T17:45:00Z,62.74
2019-12-24T18:00:00Z,62.46
2019-12-24T18:15:00Z,62.46
2019-12-24T18:30:00Z,62.44
2019-12-24T18:45:00Z,62.35
2019-12-24T19:00:00Z,62.22
2019-12-24T19:15:00Z,62.07
2019-12-24T19:30:00Z,62.45
2019-12-24T19:45:00Z,62.8
2019-12-24T20:00:00Z,63.13
2019-12-24T20:15:00Z,63.38
2019-12-24T20:30:00Z,63.69
2019-12-24T20:45:00Z,63.82
2019-12-24T21:00:00Z,63.96
2019-12-24T21:15:00Z,64.13
2019-12-24T21:30:00Z,64.25
2019-12-24T21:45:00Z,64.3
2019-12-24T22:00:00Z,64.34
2019-12-24T22:15:00Z,64.39
2019-12-24T22:30:00Z,64.37
2019-12-24T22:45:00Z,64.35
2019-12-24T23:00:00Z,64.48
2019-12-24T23:15:00Z,64.58
2019-12-24T23:30:00Z,64.66
2019-12-24T23:45:00Z,64.71
2019-12-25T00:00:00Z,64.6
2019-12-25T00:15:00Z,64.62
2019-12-25T00:30:00Z,64.62
2019-12-25T00:45:00Z,64.61
2019-12-25T01:00:00Z,64.58
2019-12-25T01:15:00Z,64.5
2019-12-25T01:30:00Z,64.55
2019-12-25T01:45:00Z,64.54
2019-12-25T02:00:00Z,64.51
2019-12-25T02:15:00Z,64.54
2019-12-25T02:30:00Z,64.56
2019-12-25T02:45:00Z,64.55
2019-12-25T03:00:00Z,64.55
2019-12-25T03:15:00Z,64.61
2019-12-25T03:30:00Z,64.57
2019-12-25T03:45:00Z,64.58
2019-12-25T04:00:00Z,64.55
2019-12-25T04:15:00Z,64.03
2019-12-25T04:30:00Z,63.67
2019-12-25T04:45:00Z,63.36
2019-12-25T05:00:00Z,63.16
2019-12-25T05:15:00Z,62.94
2019-12-25T05:30:00Z,62.77
2019-12-25T05:45:00Z,62.63
2019-12-25T06:00:00Z,62.52
2019-12-25T06:15:00Z,62.47
2019-12-25T06:30:00Z,62.32
2019-12-25T06:45:00Z,62.27
2019-12-25T07:00:00Z,62.11
2019-12-25T07:15:00Z,61.78
2019-12-25T07:30:00Z,61.63
2019-12-25T07:45:00Z,61.53
2019-12-25T08:00:00Z,61.35
2019-12-25T08:15:00Z,61.3
2019-12-25T08:30:00Z,61.14
2019-12-25T08:45:00Z,61.04
2019-12-25T09:00:00Z,60.88
2019-12-25T09:15:00Z,60.8
2019-12-25T09:30:00Z,60.81
2019-12-25T09:45:00Z,60.75
2019-12-25T10:00:00Z,60.61
2019-12-25T10:15:00Z,60.56
2019-12-25T10:30:00Z,60.51
2019-12-25T10:45:00Z,60.46
2019-12-25T11:00:00Z,60.42
2019-12-25T11:15:00Z,60.39
2019-12-25T11:30:00Z,60.35
2019-12-25T11:45:00Z,60.36
2019-12-25T12:00:00Z,60.26
2019-12-25T12:15:00Z,60.2
2019-12-25T12:30:00Z,59.93
2019-12-25T12:45:00Z,60.04
2019-12-25T13:00:00Z,60.53
2019-12-25T13:15:00Z,60.73
2019-12-25T13:30:00Z,60.92
2019-12-25T13:45:00Z,61.08
2019-12-25T14:00:00Z,61.2
2019-12-25T14:15:00Z,61.28
2019-12-25T14:30:00Z,61.46
2019-12-25T14:45:00Z,61.65
2019-12-25T15:00:00Z,61.8
2019-12-25T15:15:00Z,62.02
2019-12-25T15:30:00Z,62.25
2019-12-25T15:45:00Z,62.4
2019-12-25T16:00:00Z,62.53
2019-12-25T16:15:00Z,62.64
2019-12-25T16:30:00Z,63.07
2019-12-25T16:45:00Z,63.03
2019-12-25T17:00:00Z,62.93
2019-12-25T17:15:00Z,62.87
2019-12-25T17:30:00Z,62.83
2019-12-25T17:45:00Z,62.78
2019-12-25T18:00:00Z,62.83
2019-12-25T18:15:00Z,62.75
2019-12-25T18:30:00Z,62.75
2019-12-25T18:45:00Z,62.65
2019-12-25T19:00:00Z,62.74
2019-12-25T19:15:00Z,62.74
2019-12-25T19:30:00Z,62.76
2019-12-25T19:45:00Z,62.75
2019-12-25T20:00:00Z,62.86
2019-12-25T20:15:00Z,62.87
2019-12-25T20:30:00Z,62.92
2019-12-25T20:45:00Z,62.96
2019-12-25T21:00:00Z,62.9
2019-12-25T21:15:00Z,62.87
2019-12-25T21:30:00Z,62.89
2019-12-25T21:45:00Z,62.89
2019-12-25T22:00:00Z,62.84
2019-12-25T22:15:00Z,62.83
2019-12-25T22:30:00Z,62.87
2019-12-25T22:45:00Z,62.84
2019-12-25T23:00:00Z,62.66
2019-12-25T23:15:00Z,62.49
2019-12-25T23:30:00Z,62.36
2019-12-25T23:45:00Z,62.21
2019-12-26T00:00:00Z,62.46
2019-12-26T00:15:00Z,62.39
2019-12-26T00:30:00Z,62.35
2019-12-26T00:45:00Z,62.29
2019-12-26T01:00:00Z,62.29
2019-12-26T01:15:00Z,62.41
2019-12-26T01:30:00Z,62.3
2019-12-26T01:45:00Z,62.24
2019-12-26T02:00:00Z,62.23
2019-12-26T02:15:00Z,61.98
2019-12-26T02:30:00Z,61.94
2019-12-26T02:45:00Z,61.87
2019-12-26T03:00:00Z,61.9
2019-12-26T03:15:00Z,61.88
2019-12-26T03:30:00Z,61.97
2019-12-26T03:45:00Z,62.1
2019-12-26T04:00:00Z,62.03
2019-12-26T04:15:00Z,61.99
2019-12-26T04:30:00Z,61.81
2019-12-26T04:45:00Z,61.72
2019-12-26T05:00:00Z,61.82
2019-12-26T05:15:00Z,61.79
2019-12-26T05:30:00Z,61.74
2019-12-26T05:45:00Z,61.77
2019-12-26T06:00:00Z,61.65
2019-12-26T06:15:00Z,61.61
2019-12-26T06:30:00Z,61.57
2019-12-26T06:45:00Z,61.47
2019-12-26T07:00:00Z,61.43
2019-12-26T07:15:00Z,61.38
2019-12-26T07:30:00Z,61.19
2019-12-26T07:45:00Z,61.0
2019-12-26T08:00:00Z,61.07
2019-12-26T08:15:00Z,61.1
2019-12-26T08:30:00Z,61.11
2019-12-26T08:45:00Z,60.98
2019-12-26T09:00:00Z,61.02
2019-12-26T09:15:00Z,60.88
2019-12-26T09:30:00Z,60.76
2019-12-26T09:45:00Z,60.67
2019-12-26T10:00:00Z,60.65
2019-12-26T10:15:00Z,60.48
2019-12-26T10:30:00Z,60.64
2019-12-26T10:45:00Z,60.57
2019-12-26T11:00:00Z,60.56
2019-12-26T11:15:00Z,60.52
2019-12-26T11:30:00Z,60.45
2019-12-26T11:45:00Z,60.4
2019-12-26T12:00:00Z,60.43
2019-12-26T12:15:00Z,60.19
2019-12-26T12:30:00Z,60.24
2019-12-26T12:45:00Z,60.74
2019-12-26T13:00:00Z,61.11
2019-12-26T13:15:00Z,61.45
2019-12-26T13:30:00Z,61.69
2019-12-26T13:45:00Z,61.86
2019-12-26T14:00:00Z,62.05
2019-12-26T14:15:00Z,62.17
2019-12-26T14:30:00Z,62.36
2019-12-26T14:45:00Z,62.45
2019-12-26T15:00:00Z,62.45
2019-12-26T15:15:00Z,62.51
2019-12-26T15:30:00Z,62.58
2019-12-26T15:45:00Z,62.69
2019-12-26T16:00:00Z,62.96
2019-12-26T16:15:00Z,63.19
2019-12-26T16:30:00Z,62.85
2019-12-26T16:45:00Z,62.75
2019-12-26T17:00:00Z,62.65
2019-12-26T17:15:00Z,62.38
2019-12-26T17:30:00Z,62.36
2019-12-26T17:45:00Z,62.34
2019-12-26T18:00:00Z,62.26
2019-12-26T18:15:00Z,62.17
2019-12-26T18:30:00Z,62.14
2019-12-26T18:45:00Z,62.06
2019-12-26T19:00:00Z,62.02
2019-12-26T19:15:00Z,62.06
2019-12-26T19:30:00Z,62.02
2019-12-26T19:45:00Z,61.93
2019-12-26T20:00:00Z,61.96
2019-12-26T20:15:00Z,61.97
2019-12-26T20:30:00Z,61.89
2019-12-26T20:45:00Z,61.89
2019-12-26T21:00:00Z,61.89
2019-12-26T21:15:00Z,61.89
2019-12-26T21:30:00Z,62.04
2019-12-26T21:45:00Z,61.98
2019-12-26T22:00:00Z,62.0
2019-12-26T22:15:00Z,61.98
2019-12-26T22:30:00Z,62.0
2019-12-26T22:45:00Z,62.02
2019-12-26T23:00:00Z,61.95
2019-12-26T23:15:00Z,61.92
2019-12-26T23:30:00Z,61.86
2019-12-26T23:45:00Z,61.79
2019-12-27T00:00:00Z,61.88
2019-12-27T00:15:00Z,62.0
2019-12-27T00:30:00Z,61.97
2019-12-27T00:45:00Z,62.02
2019-12-27T01:00:00Z,62.17
2019-12-27T01:15:00Z,62.25
2019-12-27T01:30:00Z,62.18
2019-12-27T01:45:00Z,62.12
2019-12-27T02:00:00Z,62.08
2019-12-27T02:15:00Z,62.19
2019-12-27T02:30:00Z,62.27
2019-12-27T02:45:00Z,62.26
2019-12-27T03:00:00Z,62.2
2019-12-27T03:15:00Z,62.22
2019-12-27T03:30:00Z,62.18
2019-12-27T03:45:00Z,62.15
2019-12-27T04:00:00Z,62.07
2019-12-27T04:15:00Z,62.22
2019-12-27T04:30:00Z,62.3
2019-12-27T04:45:00Z,62.37
2019-12-27T05:00:00Z,62.37
2019-12-27T05:15:00Z,62.42
2019-12-27T05:30:00Z,62.43
2019-12-27T05:45:00Z,62.4
2019-12-27T06:00:00Z,62.43
2019-12-27T06:15:00Z,62.44
2019-12-27T06:30:00Z,62.39
2019-12-27T06:45:00Z,62.41
2019-12-27T07:00:00Z,62.4
2019-12-27T07:15:00Z,62.35
2019-12-27T07:30:00Z,62.37
2019-12-27T07:45:00Z,62.33
2019-12-27T08:00:00Z,62.32
2019-12-27T08:15:00Z,62.35
2019-12-27T08:30:00Z,62.35
2019-12-27T08:45:00Z,62.38
2019-12-27T09:00:00Z,62.38
2019-12-27T09:15:00Z,62.33
2019-12-27T09:30:00Z,62.38
2019-12-27T09:45:00Z,62.47
2019-12-27T10:00:00Z,62.44
2019-12-27T10:15:00Z,62.5
2019-12-27T10:30:00Z,62.52
2019-12-27T10:45:00Z,62.49
2019-12-27T11:00:00Z,62.56
2019-12-27T11:15:00Z,62.56
2019-12-27T11:30:00Z,62.59
2019-12-27T11:45:00Z,62.62
2019-12-27T12:00:00Z,62.63
2019-12-27T12:15:00Z,62.56
2019-12-27T12:30:00Z,62.59
2019-12-27T12:45:00Z,62.63
2019-12-27T13:00:00Z,62.7
2019-12-27T13:15:00Z,62.92
2019-12-27T13:30:00Z,62.91
2019-12-27T13:45:00Z,62.78
2019-12-27T14:00:00Z,62.84
2019-12-27T14:15:00Z,63.2
2019-12-27T14:30:00Z,63.39
2019-12-27T14:45:00Z,63.55
2019-12-27T15:00:00Z,63.59
2019-12-27T15:15:00Z,63.74
2019-12-27T15:30:00Z,63.93
2019-12-27T15:45:00Z,64.08
2019-12-27T16:00:00Z,64.11
2019-12-27T16:15:00Z,64.04
2019-12-27T16:30:00Z,64.03
2019-12-27T16:45:00Z,64.05
2019-12-27T17:00:00Z,64.43
2019-12-27T17:15:00Z,64.42
2019-12-27T17:30:00Z,64.64
2019-12-27T17:45:00Z,64.67
2019-12-27T18:00:00Z,64.56
2019-12-27T18:15:00Z,65.07
2019-12-27T18:30:00Z,64.94
2019-12-27T18:45:00Z,65.18
2019-12-27T19:00:00Z,65.46
2019-12-27T19:15:00Z,65.52
2019-12-27T19:30:00Z,65.7
2019-12-27T19:45:00Z,65.72
2019-12-27T20:00:00Z,66.24
2019-12-27T20:15:00Z,67.61
2019-12-27T20:30:00Z,66.62
2019-12-27T20:45:00Z,66.78
2019-12-27T21:00:00Z,67.25
2019-12-27T21:15:00Z,67.51
2019-12-27T21:30:00Z,67.43
2019-12-27T21:45:00Z,67.65
2019-12-27T22:00:00Z,67.61
2019-12-27T22:15:00Z,68.37
2019-12-27T22:30:00Z,68.35
2019-12-27T22:45:00Z,68.4
2019-12-27T23:00:00Z,67.09
2019-12-27T23:15:00Z,65.6
2019-12-27T23:30:00Z,65.4
2019-12-27T23:45:00Z,65.36
2019-12-28T00:00:00Z,65.32
2019-12-28T00:15:00Z,65.28
2019-12-28T00:30:00Z,65.25
2019-12-28T00:45:00Z,65.17
2019-12-28T01:00:00Z,65.18
2019-12-28T01:15:00Z,65.21
2019-12-28T01:30:00Z,65.23
2019-12-28T01:45:00Z,65.14
2019-12-28T02:00:00Z,65.08
2019-12-28T02:15:00Z,65.07
2019-12-28T02:30:00Z,65.09
2019-12-28T02:45:00Z,65.06
2019-12-28T03:00:00Z,65.05
2019-12-28T03:15:00Z,65.05
2019-12-28T03:30:00Z,65.02
2019-12-28T03:45:00Z,65.04
2019-12-28T04:00:00Z,64.94
2019-12-28T04:15:00Z,64.86
2019-12-28T04:30:00Z,64.81
2019-12-28T04:45:00Z,64.76
2019-12-28T05:00:00Z,64.71
2019-12-28T05:15:00Z,64.6
2019-12-28T05:30:00Z,64.63
2019-12-28T05:45:00Z,64.54
2019-12-28T06:00:00Z,64.53
2019-12-28T06:15:00Z,64.57
2019-12-28T06:30:00Z,64.64
2019-12-28T06:45:00Z,64.61
2019-12-28T07:00:00Z,64.51
2019-12-28T07:15:00Z,64.37
2019-12-28T07:30:00Z,64.34
2019-12-28T07:45:00Z,64.25
2019-12-28T08:00:00Z,64.21
2019-12-28T08:15:00Z,64.13
2019-12-28T08:30:00Z,64.14
2019-12-28T08:45:00Z,64.06
2019-12-28T09:00:00Z,63.96
2019-12-28T09:15:00Z,63.93
2019-12-28T09:30:00Z,63.95
2019-12-28T09:45:00Z,63.92
2019-12-28T10:00:00Z,63.87
2019-12-28T10:15:00Z,63.82
2019-12-28T10:30:00Z,63.75
2019-12-28T10:45:00Z,63.74
2019-12-28T11:00:00Z,63.68
2019-12-28T11:15:00Z,63.67
2019-12-28T11:30:00Z,63.64
2019-12-28T11:45:00Z,63.65
2019-12-28T12:00:00Z,63.67
2019-12-28T12:15:00Z,63.57
2019-12-28T12:30:00Z,63.58
2019-12-28T12:45:00Z,63.53
2019-12-28T13:00:00Z,63.52
2019-12-28T13:15:00Z,63.53
2019-12-28T13:30:00Z,63.52
2019-12-28T13:45:00Z,63.51
2019-12-28T14:00:00Z,63.44
2019-12-28T14:15:00Z,63.33
2019-12-28T14:30:00Z,63.28
2019-12-28T14:45:00Z,63.4
2019-12-28T15:00:00Z,63.43
2019-12-28T15:15:00Z,63.55
2019-12-28T15:30:00Z,63.61
2019-12-28T15:45:00Z,63.63
2019-12-28T16:00:00Z,63.62
2019-12-28T16:15:00Z,63.63
2019-12-28T16:30:00Z,63.65
2019-12-28T16:45:00Z,63.69
2019-12-28T17:00:00Z,63.7
2019-12-28T17:15:00Z,63.8
2019-12-28T17:30:00Z,63.84
2019-12-28T17:45:00Z,63.86
2019-12-28T18:00:00Z,63.87
2019-12-28T18:15:00Z,63.93
2019-12-28T18:30:00Z,64.03
2019-12-28T18:45:00Z,63.91
2019-12-28T19:00:00Z,63.86
2019-12-28T19:15:00Z,63.83
2019-12-28T19:30:00Z,63.88
2019-12-28T19:45:00Z,63.92
2019-12-28T20:00:00Z,63.89
2019-12-28T20:15:00Z,63.95
2019-12-28T20:30:00Z,64.06
2019-12-28T20:45:00Z,64.1
2019-12-28T21:00:00Z,64.12
2019-12-28T21:15:00Z,64.12
2019-12-28T21:30:00Z,64.1
2019-12-28T21:45:00Z,64.09
2019-12-28T22:00:00Z,64.08
2019-12-28T22:15:00Z,64.09
2019-12-28T22:30:00Z,63.99
2019-12-28T22:45:00Z,64.0
2019-12-28T23:00:00Z,64.19
2019-12-28T23:15:00Z,63.97
2019-12-28T23:30:00Z,63.89
2019-12-28T23:45:00Z,63.82
2019-12-29T00:00:00Z,63.77
2019-12-29T00:15:00Z,63.74
2019-12-29T00:30:00Z,63.81
2019-12-29T00:45:00Z,63.77
2019-12-29T01:00:00Z,63.8
2019-12-29T01:15:00Z,63.53
2019-12-29T01:30:00Z,63.52
2019-12-29T01:45:00Z,63.52
2019-12-29T02:00:00Z,63.85
2019-12-29T02:15:00Z,63.93
2019-12-29T02:30:00Z,63.91
2019-12-29T02:45:00Z,63.85
2019-12-29T03:00:00Z,63.87
2019-12-29T03:15:00Z,63.87
2019-12-29T03:30:00Z,63.88
2019-12-29T03:45:00Z,63.82
2019-12-29T04:00:00Z,63.67
2019-12-29T04:15:00Z,63.67
2019-12-29T04:30:00Z,63.71
2019-12-29T04:45:00Z,63.74
2019-12-29T05:00:00Z,63.71
2019-12-29T05:15:00Z,63.68
2019-12-29T05:30:00Z,63.65
2019-12-29T05:45:00Z,63.62
2019-12-29T06:00:00Z,63.58
2019-12-29T06:15:00Z,63.55
2019-12-29T06:30:00Z,63.52
2019-12-29T06:45:00Z,63.49
2019-12-29T07:00:00Z,63.46
2019-12-29T07:15:00Z,63.43
2019-12-29T07:30:00Z,63.39
2019-12-29T07:45:00Z,63.36
2019-12-29T08:00:00Z,63.33
2019-12-29T08:15:00Z,63.3
2019-12-29T08:30:00Z,63.27
2019-12-29T08:45:00Z,63.24
2019-12-29T09:00:00Z,63.2
2019-12-29T09:15:00Z,63.17
2019-12-29T09:30:00Z,63.14
2019-12-29T09:45:00Z,63.11
2019-12-29T10:00:00Z,63.08
2019-12-29T10:15:00Z,63.05
2019-12-29T10:30:00Z,63.01
2019-12-29T10:45:00Z,62.98
2019-12-29T11:00:00Z,62.95
2019-12-29T11:15:00Z,62.92
2019-12-29T11:30:00Z,62.89
2019-12-29T11:45:00Z,62.86
2019-12-29T12:00:00Z,62.82
2019-12-29T12:15:00Z,62.79
2019-12-29T12:30:00Z,62.78
2019-12-29T12:45:00Z,62.79
2019-12-29T13:00:00Z,62.79
2019-12-29T13:15:00Z,62.74
2019-12-29T13:30:00Z,62.73
2019-12-29T13:45:00Z,62.74
2019-12-29T14:00:00Z,62.6
2019-12-29T14:15:00Z,62.59
2019-12-29T14:30:00Z,62.55
2019-12-29T14:45:00Z,62.69
2019-12-29T15:00:00Z,62.73
2019-12-29T15:15:00Z,62.6
2019-12-29T15:30:00Z,62.64
2019-12-29T15:45:00Z,62.58
2019-12-29T16:00:00Z,62.64
2019-12-29T16:15:00Z,62.76
2019-12-29T16:30:00Z,62.68
2019-12-29T16:45:00Z,62.73
2019-12-29T17:00:00Z,62.85
2019-12-29T17:15:00Z,62.93
2019-12-29T17:30:00Z,63.1
2019-12-29T17:45:00Z,63.09
2019-12-29T18:00:00Z,63.16
2019-12-29T18:15:00Z,63.2
2019-12-29T18:30:00Z,63.18
2019-12-29T18:45:00Z,63.36
2019-12-29T19:00:00Z,63.37
2019-12-29T19:15:00Z,63.42
2019-12-29T19:30:00Z,63.46
2019-12-29T19:45:00Z,63.4
2019-12-29T20:00:00Z,63.25
2019-12-29T20:15:00Z,63.41
2019-12-29T20:30:00Z,63.32
2019-12-29T20:45:00Z,63.41
2019-12-29T21:00:00Z,63.36
2019-12-29T21:15:00Z,63.38
2019-12-29T21:30:00Z,63.33
2019-12-29T21:45:00Z,63.39
2019-12-29T22:00:00Z,63.57
2019-12-29T22:15:00Z,63.56
2019-12-29T22:30:00Z,63.7
2019-12-29T22:45:00Z,63.66
2019-12-29T23:00:00Z,63.51
2019-12-29T23:15:00Z,63.54
2019-12-29T23:30:00Z,63.49
2019-12-29T23:45:00Z,63.54
2019-12-30T00:00:00Z,63.57
2019-12-30T00:15:00Z,63.47
2019-12-30T00:30:00Z,63.44
2019-12-30T00:45:00Z,63.43
2019-12-30T01:00:00Z,63.31
2019-12-30T01:15:00Z,63.35
2019-12-30T01:30:00Z,63.32
2019-12-30T01:45:00Z,63.35
2019-12-30T02:00:00Z,63.29
2019-12-30T02:15:00Z,63.37
2019-12-30T02:30:00Z,63.32
2019-12-30T02:45:00Z,63.27
2019-12-30T03:00:00Z,63.22
2019-12-30T03:15:00Z,63.17
2019-12-30T03:30:00Z,63.12
2019-12-30T03:45:00Z,63.07
2019-12-30T04:00:00Z,63.03
2019-12-30T04:15:00Z,62.98
2019-12-30T04:30:00Z,62.93
2019-12-30T04:45:00Z,62.88
2019-12-30T05:00:00Z,62.83
2019-12-30T05:15:00Z,62.78
2019-12-30T05:30:00Z,62.73
2019-12-30T05:45:00Z,62.68
2019-12-30T06:00:00Z,62.63
2019-12-30T06:15:00Z,62.59
2019-12-30T06:30:00Z,62.54
2019-12-30T06:45:00Z,62.49
2019-12-30T07:00:00Z,62.44
2019-12-30T07:15:00Z,62.39
2019-12-30T07:30:00Z,62.34
2019-12-30T07:45:00Z,62.29
2019-12-30T08:00:00Z,62.24
2019-12-30T08:15:00Z,62.19
2019-12-30T08:30:00Z,62.15
2019-12-30T08:45:00Z,62.1
2019-12-30T09:00:00Z,62.05
2019-12-30T09:15:00Z,62.0
2019-12-30T09:30:00Z,61.79
2019-12-30T09:45:00Z,61.84
2019-12-30T10:00:00Z,61.79
2019-12-30T10:15:00Z,61.75
2019-12-30T10:30:00Z,61.6
2019-12-30T10:45:00Z,61.48
2019-12-30T11:00:00Z,61.51
2019-12-30T11:15:00Z,61.46
2019-12-30T11:30:00Z,61.28
2019-12-30T11:45:00Z,61.17
2019-12-30T12:00:00Z,60.99
2019-12-30T12:15:00Z,61.29
2019-12-30T12:30:00Z,61.35
2019-12-30T12:45:00Z,61.06
2019-12-30T13:00:00Z,61.36
2019-12-30T13:15:00Z,61.39
2019-12-30T13:30:00Z,61.52
2019-12-30T13:45:00Z,61.49
2019-12-30T14:00:00Z,61.53
2019-12-30T14:15:00Z,61.53
2019-12-30T14:30:00Z,61.38
2019-12-30T14:45:00Z,61.29
2019-12-30T15:00:00Z,61.31
2019-12-30T15:15:00Z,61.23
2019-12-30T15:30:00Z,61.41
2019-12-30T15:45:00Z,61.58
2019-12-30T16:00:00Z,61.66
2019-12-30T16:15:00Z,61.78
2019-12-30T16:30:00Z,62.0
2019-12-30T16:45:00Z,61.99
2019-12-30T17:00:00Z,62.44
2019-12-30T17:15:00Z,62.44
2019-12-30T17:30:00Z,62.43
2019-12-30T17:45:00Z,62.43
2019-12-30T18:00:00Z,62.42
2019-12-30T18:15:00Z,62.41
2019-12-30T18:30:00Z,62.41
2019-12-30T18:45:00Z,62.4
2019-12-30T19:00:00Z,62.4
2019-12-30T19:15:00Z,62.39
2019-12-30T19:30:00Z,62.39
2019-12-30T19:45:00Z,62.38
2019-12-30T20:00:00Z,62.37
2019-12-30T20:15:00Z,62.37
2019-12-30T20:30:00Z,62.36
2019-12-30T20:45:00Z,62.36
2019-12-30T21:00:00Z,62.35
2019-12-30T21:15:00Z,62.34
2019-12-30T21:30:00Z,62.34
2019-12-30T21:45:00Z,62.33
2019-12-30T22:00:00Z,62.33
2019-12-30T22:15:00Z,62.32
2019-12-30T22:30:00Z,62.31
2019-12-30T22:45:00Z,62.31
2019-12-30T23:00:00Z,62.3
2019-12-30T23:15:00Z,62.3
2019-12-30T23:30:00Z,62.29
2019-12-30T23:45:00Z,62.29
2019-12-31T00:00:00Z,62.28
2019-12-31T00:15:00Z,62.27
2019-12-31T00:30:00Z,62.27
2019-12-31T00:45:00Z,62.26
2019-12-31T01:00:00Z,62.26
2019-12-31T01:15:00Z,62.25
2019-12-31T01:30:00Z,62.24
2019-12-31T01:45:00Z,62.24
2019-12-31T02:00:00Z,62.23
2019-12-31T02:15:00Z,62.23
2019-12-31T02:30:00Z,62.22
2019-12-31T02:45:00Z,62.21
2019-12-31T03:00:00Z,62.21
2019-12-31T03:15:00Z,62.2
2019-12-31T03:30:00Z,62.2
2019-12-31T03:45:00Z,62.19
2019-12-31T04:00:00Z,62.19
2019-12-31T04:15:00Z,62.18
2019-12-31T04:30:00Z,62.17
2019-12-31T04:45:00Z,62.17
2019-12-31T05:00:00Z,62.16
2019-12-31T05:15:00Z,62.16
2019-12-31T05:30:00Z,62.15
2019-12-31T05:45:00Z,62.14
2019-12-31T06:00:00Z,62.14
2019-12-31T06:15:00Z,62.13
2019-12-31T06:30:00Z,62.13
2019-12-31T06:45:00Z,62.12
2019-12-31T07:00:00Z,62.11
2019-12-31T07:15:00Z,62.11
2019-12-31T07:30:00Z,62.1
2019-12-31T07:45:00Z,62.29
2019-12-31T08:00:00Z,62.35
2019-12-31T08:15:00Z,62.41
2019-12-31T08:30:00Z,62.43
2019-12-31T08:45:00Z,62.56
2019-12-31T09:00:00Z,62.66
2019-12-31T09:15:00Z,62.68
2019-12-31T09:30:00Z,62.68
2019-12-31T09:45:00Z,62.87
2019-12-31T10:00:00Z,63.24
2019-12-31T10:15:00Z,62.91
2019-12-31T10:30:00Z,62.59
2019-12-31T10:45:00Z,62.4
2019-12-31T11:00:00Z,62.18
2019-12-31T11:15:00Z,62.02
2019-12-31T11:30:00Z,61.85
2019-12-31T11:45:00Z,61.79
2019-12-31T12:00:00Z,61.57
2019-12-31T12:15:00Z,61.44
2019-12-31T12:30:00Z,61.39
2019-12-31T12:45:00Z,61.36
2019-12-31T13:00:00Z,61.36
2019-12-31T13:15:00Z,61.31
2019-12-31T13:30:00Z,61.37
2019-12-31T13:45:00Z,61.36
2019-12-31T14:00:00Z,61.3
2019-12-31T14:15:00Z,61.31
2019-12-31T14:30:00Z,61.35
2019-12-31T14:45:00Z,61.3
2019-12-31T15:00:00Z,61.29
2019-12-31T15:15:00Z,61.44
